judul,link,isi_html,teks_bersih
Manfaat Blog untuk Belajar Menulis dan Berpikir Kritis,https://usmtv.id/manfaat-blog-untuk-belajar-menulis-dan-berpikir-kritis/,"<p></p>
<p><strong>Semarang (usmnews) –</strong> Perkembangan internet membuka banyak peluang baru bagi masyarakat untuk mencari dan membagikan informasi. Di tengah kemajuan teknologi digital, blog sebagai media edukasi semakin menarik perhatian banyak orang. Melalui blog, penulis dapat menyampaikan berbagai topik yang bermanfaat, mulai dari pengetahuan umum hingga pengalaman pribadi yang bisa memberi wawasan baru bagi pembaca.</p>
<p></p>
<p></p>
<p>Banyak penulis memanfaatkan blog sebagai sarana berbagi informas<strong>i</strong> sekaligus tempat menuangkan ide dan pengalaman mereka. Mereka menulis artikel tentang pendidikan, teknologi, gaya hidup, hingga isu sosial yang sedang berkembang. Kehadiran blog sebagai media edukasi membantu pembaca memahami berbagai topik dengan lebih jelas melalui tulisan yang terstruktur dan mudah dipahami.</p>
<p></p>
<p></p>
<p>Blog juga memberi ruang luas bagi penulis untuk mengembangkan gagasan secara lebih mendalam. Penulis dapat menjelaskan suatu topik dengan rinci sehingga pembaca memperoleh informasi yang lebih lengkap dibandingkan dengan unggahan singkat di media sosial.</p>
<p></p>
<p></p>
<figure class=""wp-block-image size-full""><a href=""http://🔗 https://www.hostinger.com/id/tutorial/apa-itu-blog""><img loading=""lazy"" decoding=""async"" width=""736"" height=""736"" src=""https://usmtv.id/wp-content/uploads/2026/03/WhatsApp-Image-2026-03-11-at-09.59.45.jpeg"" alt="""" class=""wp-image-51284"" srcset=""https://usmtv.id/wp-content/uploads/2026/03/WhatsApp-Image-2026-03-11-at-09.59.45.jpeg 736w, https://usmtv.id/wp-content/uploads/2026/03/WhatsApp-Image-2026-03-11-at-09.59.45-300x300.jpeg 300w, https://usmtv.id/wp-content/uploads/2026/03/WhatsApp-Image-2026-03-11-at-09.59.45-150x150.jpeg 150w, https://usmtv.id/wp-content/uploads/2026/03/WhatsApp-Image-2026-03-11-at-09.59.45-80x80.jpeg 80w"" sizes=""auto, (max-width: 736px) 100vw, 736px"" /></a></figure>
<p></p>
<p></p>
<h3 class=""wp-block-heading"" id=""h-mahasiswa-mulai-memanfaatkan-blog"">Mahasiswa Mulai Memanfaatkan Blog</h3>
<p></p>
<p></p>
<p>Mahasiswa kini mulai memanfaatkan blog sebagai sarana belajar sekaligus berlatih menulis. Banyak mahasiswa menulis opini, pengalaman belajar, maupun ulasan buku melalui blog pribadi mereka. Kegiatan ini melatih kemampuan berpikir kritis dan membantu mereka menyusun ide secara sistematis.</p>
<p></p>
<p></p>
<p>Saat mahasiswa menulis artikel, mereka juga belajar mencari referensi yang relevan. Proses tersebut membuat mahasiswa lebih aktif membaca dan memahami berbagai sumber informasi. Kebiasaan ini tentu memberi dampak positif bagi perkembangan kemampuan akademik.</p>
<p></p>
<p></p>
<p>Selain itu, blog dapat menjadi portofolio digital bagi mahasiswa. Tulisan yang mereka unggah di blog menunjukkan kemampuan menulis serta cara mereka menyampaikan gagasan. Banyak mahasiswa memanfaatkan blog untuk menampilkan karya mereka kepada publik, terutama bagi yang tertarik pada dunia jurnalistik dan media digital.</p>
<p></p>
<p></p>
<figure class=""wp-block-image size-full""><img loading=""lazy"" decoding=""async"" width=""570"" height=""426"" src=""https://usmtv.id/wp-content/uploads/2026/03/WhatsApp-Image-2026-03-11-at-09.59.45-1.jpeg"" alt="""" class=""wp-image-51285"" srcset=""https://usmtv.id/wp-content/uploads/2026/03/WhatsApp-Image-2026-03-11-at-09.59.45-1.jpeg 570w, https://usmtv.id/wp-content/uploads/2026/03/WhatsApp-Image-2026-03-11-at-09.59.45-1-300x224.jpeg 300w"" sizes=""auto, (max-width: 570px) 100vw, 570px"" /></figure>
<p></p>
<p></p>
<h3 class=""wp-block-heading"" id=""h-blog-perkuat-literasi-digital"">Blog Perkuat Literasi Digital</h3>
<p></p>
<p></p>
<p>Blog juga berperan penting dalam meningkatkan literasi digital. Mesin pencari di internet memudahkan masyarakat menemukan berbagai artikel blog. Pembaca cukup mengetik kata kunci tertentu untuk menemukan informasi yang mereka butuhkan.</p>
<p></p>
<p></p>
<p>Keunggulan blog terletak pada isi tulisan yang lebih lengkap dan terstruktur. Penulis dapat membahas suatu topik secara mendalam sehingga pembaca memperoleh pemahaman yang lebih luas. Struktur artikel yang rapi juga memudahkan pembaca mencari kembali tulisan lama.</p>
<p></p>
<p></p>
<p><strong>Baca juga:</strong> <a href=""https://usmtv.id/kai-beri-diskon-tiket-kereta-hingga-30-persen/"">KAI Beri Diskon Tiket Kereta hingga 30 Persen</a></p>
<p></p>
<p></p>
<p>Melalui blog, generasi muda dapat ikut menyebarkan informasi yang bermanfaat bagi masyarakat. Mereka tidak hanya mengonsumsi konten digital, tetapi juga menciptakan tulisan yang memberi dampak positif bagi pembaca.</p>
<p></p>
<p></p>
<p>Jika generasi muda terus memanfaatkan blog secara kreatif, ruang digital dapat berkembang menjadi tempat belajar yang terbuka. Setiap tulisan yang mereka hasilkan dapat menambah wawasan sekaligus memperkuat budaya literasi di era digital</p>
<p></p>
",semarang usmnews kembang internet buka banyak peluang baru bagi masyarakat untuk cari dan bagi informasi di tengah maju teknologi digital blog bagai media edukasi makin tarik perhati banyak orang lalu blog tulis dapat sampai bagai topik yang manfaat mulai dari tahu umum hingga alam pribadi yang bisa beri wawas baru bagi baca banyak tulis manfaat blog bagai sarana bagi informas i sekaligus tempat tuang ide dan alam mereka mereka tulis artikel tentang didik teknologi gaya hidup hingga isu sosial yang sedang kembang hadir blog bagai media edukasi bantu baca paham bagai topik dengan lebih jelas lalu tulis yang struktur dan mudah paham blog juga beri ruang luas bagi tulis untuk kembang gagas cara lebih dalam tulis dapat jelas suatu topik dengan rinci sehingga baca oleh informasi yang lebih lengkap banding dengan unggah singkat di media sosial mahasiswa mulai manfaat blog mahasiswa kini mulai manfaat blog bagai sarana ajar sekaligus latih tulis banyak mahasiswa tulis opini alam ajar maupun ulas buku lalu blog pribadi mereka giat ini latih mampu pikir kritis dan bantu mereka susun ide cara sistematis saat mahasiswa tulis artikel mereka juga ajar cari referensi yang relevan proses sebut buat mahasiswa lebih aktif baca dan paham bagai sumber informasi biasa ini tentu beri dampak positif bagi kembang mampu akademik selain itu blog dapat jadi portofolio digital bagi mahasiswa tulis yang mereka unggah di blog tunjuk mampu tulis serta cara mereka sampai gagas banyak mahasiswa manfaat blog untuk tampil karya mereka kepada publik utama bagi yang tarik pada dunia jurnalistik dan media digital blog kuat literasi digital blog juga peran penting dalam tingkat literasi digital mesin cari di internet mudah masyarakat temu bagai artikel blog baca cukup etik kata kunci tentu untuk temu informasi yang mereka butuh unggul blog letak pada isi tulis yang lebih lengkap dan struktur tulis dapat bahas suatu topik cara dalam sehingga baca oleh paham yang lebih luas struktur artikel yang rapi juga mudah baca cari kembali tulis lama baca juga kai beri diskon tiket kereta hingga 30 persen lalu blog generasi muda dapat ikut sebar informasi yang manfaat bagi masyarakat mereka tidak hanya konsumsi konten digital tetapi juga cipta tulis yang beri dampak positif bagi baca jika generasi muda terus manfaat blog cara kreatif ruang digital dapat kembang jadi tempat ajar yang buka tiap tulis yang mereka hasil dapat tambah wawas sekaligus kuat budaya literasi di era digital
"Tottenham Degradasi, Xavi Simons Siap Langsung Pergi",https://usmtv.id/tottenham-degradasi-xavi-simons-siap-pergi/,"
<p><strong>Semarang (usmnews)</strong> – Dilansir dari <em><a href=""https://sport.detik.com/sepakbola/liga-inggris/d-8393864/jika-tottenham-dedgradasi-pemainnya-ini-akan-langsung-pergi"">detik.com</a></em> Ancaman turun kasta membayangi raksasa London Utara musim ini. Bahkan, isu Xavi Simons tinggalkan Tottenham semakin menguat akhir-akhir ini. Kini, klub London ini menempati peringkat ke-16 klasemen sementara liga. Tepatnya, mereka baru mengumpulkan 29 poin dari 29 pertandingan. Faktanya, mereka hanya unggul satu poin dari batas aman Nottingham Forest. Selain itu, posisi mereka sangat dekat dengan zona merah West Ham.</p>



<figure class=""wp-block-image size-large""><img loading=""lazy"" decoding=""async"" width=""1024"" height=""683"" src=""https://usmtv.id/wp-content/uploads/2026/03/000_34WA9K2-1024x683.jpg"" alt="""" class=""wp-image-51275"" srcset=""https://usmtv.id/wp-content/uploads/2026/03/000_34WA9K2-1024x683.jpg 1024w, https://usmtv.id/wp-content/uploads/2026/03/000_34WA9K2-300x200.jpg 300w, https://usmtv.id/wp-content/uploads/2026/03/000_34WA9K2-768x512.jpg 768w, https://usmtv.id/wp-content/uploads/2026/03/000_34WA9K2.jpg 1200w"" sizes=""auto, (max-width: 1024px) 100vw, 1024px"" /></figure>



<p>Mengutip laporan <em>Daily Mail</em>, manajemen klub baru saja memecat Thomas Frank. Padahal, pelatih tersebut baru menggantikan posisi Ange Postecoglou musim panas lalu. Hebatnya, Postecoglou sukses mempersembahkan trofi Liga Europa bagi publik London. Selanjutnya, manajemen menunjuk Igor Tudor sebagai nakhoda baru tim utama. Sayangnya, sang manajer baru belum memberikan kemenangan perdana bagi penggemar. Mirisnya, armada asuhan Tudor selalu menelan kekalahan dalam tiga laga terakhir.</p>



<p><strong><a href=""https://usmtv.id/evra-ingin-luis-enrique-latih-mu-musim-depan/?_thumbnail_id=51169"">[Baca Juga: Evra Ingin Luis Enrique Latih MU Musim Depan]</a></strong></p>



<p>Tentu saja, ancaman kerugian finansial besar menanti klub jika benar-benar turun. Lebih buruknya, banyak pemain bintang bersiap mengemasi koper mereka segera. Salah satunya, skenario Xavi Simons tinggalkan Tottenham pasti menjadi kenyataan. Sebab, bintang asal Belanda itu menolak bermain pada kompetisi kasta kedua.</p>



<figure class=""wp-block-image size-large""><img loading=""lazy"" decoding=""async"" width=""1024"" height=""683"" src=""https://usmtv.id/wp-content/uploads/2026/03/xavi-simons-unveiled-tottenham-hotspur-1019573901-1024x683.webp"" alt="""" class=""wp-image-51276"" srcset=""https://usmtv.id/wp-content/uploads/2026/03/xavi-simons-unveiled-tottenham-hotspur-1019573901-1024x683.webp 1024w, https://usmtv.id/wp-content/uploads/2026/03/xavi-simons-unveiled-tottenham-hotspur-1019573901-300x200.webp 300w, https://usmtv.id/wp-content/uploads/2026/03/xavi-simons-unveiled-tottenham-hotspur-1019573901-768x512.webp 768w, https://usmtv.id/wp-content/uploads/2026/03/xavi-simons-unveiled-tottenham-hotspur-1019573901-1536x1024.webp 1536w, https://usmtv.id/wp-content/uploads/2026/03/xavi-simons-unveiled-tottenham-hotspur-1019573901-2048x1365.webp 2048w"" sizes=""auto, (max-width: 1024px) 100vw, 1024px"" /></figure>



<p>Ironisnya, manajemen baru mendatangkan sang pemain muda pada musim panas kemarin. Kala itu, mereka menebusnya dari RB Leipzig seharga 65 juta Euro. Singkatnya, nominal transfer tersebut setara dengan angka Rp 1,2 triliun. Secara kontrak, ia memiliki ikatan kerja panjang hingga musim panas 2030. Namun, perwakilan sang pemain membuka pintu selebar-lebarnya bagi peminat baru. Akhirnya, agen mempercepat proses Xavi Simons tinggalkan Tottenham tanpa mempermasalahkan urusan gaji.</p>
",semarang usmnews lansir dari detikcom ancam turun kasta bayang raksasa london utara musim ini bahkan isu xavi simons tinggal tottenham makin kuat akhirakhir ini kini klub london ini tempat peringkat ke16 klasemen sementara liga tepat mereka baru kumpul 29 poin dari 29 tanding fakta mereka hanya unggul satu poin dari batas aman nottingham forest selain itu posisi mereka sangat dekat dengan zona merah west ham kutip lapor daily mail manajemen klub baru saja pecat thomas frank padahal latih sebut baru ganti posisi ange postecoglou musim panas lalu hebat postecoglou sukses sembah trofi liga europa bagi publik london lanjut manajemen tunjuk igor tudor bagai nakhoda baru tim utama sayang sang manajer baru belum beri menang perdana bagi gemar miris armada asuh tudor selalu tel kalah dalam tiga laga akhir baca juga evra ingin luis enrique latih mu musim depan tentu saja ancam rugi finansial besar nanti klub jika benarbenar turun lebih buruk banyak main bintang siap emas koper mereka segera salah satu skenario xavi simons tinggal tottenham pasti jadi nyata sebab bintang asal belanda itu tolak main pada kompetisi kasta dua ironis manajemen baru datang sang main muda pada musim panas kemarin kala itu mereka tebus dari rb leipzig harga 65 juta euro singkat nominal transfer sebut tara dengan angka rp 12 triliun cara kontrak ia milik ikat kerja panjang hingga musim panas 2030 namun wakil sang main buka pintu selebarlebarnya bagi minat baru akhir agen cepat proses xavi simons tinggal tottenham tanpa masalah urus gaji
Polisi Ringkus Pelaku Penembakan Rumah Rihanna,https://usmtv.id/polisi-ringkus-pelaku-penembakan-rumah-rihanna/,"
<p><strong>Semarang (usmnews)</strong> – Dilansir dari <em><a href=""https://kumparan.com/kumparanhits/rumah-rihanna-dan-a-ap-rocky-ditembaki-orang-tak-dikenal-pelaku-sudah-ditahan-26yvQ0wwnAH/full"">kumparan.com</a></em> Orang tak dikenal memberondong tembakan ke arah kediaman penyanyi papan atas dunia. Tepatnya, insiden penembakan rumah Rihanna ini terjadi pada kawasan eksklusif Beverly Hills. Bahkan, pelaku melancarkan aksi berbahayanya pada Minggu (8/3) siang waktu setempat.</p>



<p>Mengutip laporan <em>Hollywood Reporter</em>, peristiwa mengerikan ini berlangsung sekitar pukul 13.20. Selanjutnya, Kepolisian Los Angeles (LAPD) langsung merilis detail kronologi kejadian tersebut. Awalnya, pelaku melepaskan tembakan mematikan dari dalam sebuah mobil Tesla putih. Kemudian, ia memarkir kendaraan tersebut tepat pada seberang gerbang utama.</p>



<figure class=""wp-block-image size-large""><img loading=""lazy"" decoding=""async"" width=""1024"" height=""576"" src=""https://usmtv.id/wp-content/uploads/2026/03/rihanna-shooting-dispatch-audio-1280x720-1-1024x576.jpg"" alt="""" class=""wp-image-51271"" srcset=""https://usmtv.id/wp-content/uploads/2026/03/rihanna-shooting-dispatch-audio-1280x720-1-1024x576.jpg 1024w, https://usmtv.id/wp-content/uploads/2026/03/rihanna-shooting-dispatch-audio-1280x720-1-300x169.jpg 300w, https://usmtv.id/wp-content/uploads/2026/03/rihanna-shooting-dispatch-audio-1280x720-1-768x432.jpg 768w, https://usmtv.id/wp-content/uploads/2026/03/rihanna-shooting-dispatch-audio-1280x720-1.jpg 1280w"" sizes=""auto, (max-width: 1024px) 100vw, 1024px"" /></figure>



<p>Seketika, seorang saksi mata menelepon layanan darurat panggilan 911. Untungnya, polisi tiba di lokasi kejadian hanya dalam waktu satu menit. Berdasarkan laporan, pelaku menembakkan senjatanya sebanyak 10 kali ke arah bangunan. Jelas, aksi penembakan rumah Rihanna ini sangat mengancam nyawa penghuninya.</p>



<p><strong><a href=""https://usmtv.id/honne-rilis-location-unknown-versi-baru-niki/?_thumbnail_id=51164"">[Baca Juga: Duet NIKI, HONNE Rilis Location Unknown]</a></strong></p>



<p>Faktanya, sang diva pop sedang berada di dalam rumah saat kejadian. Meskipun begitu, kepolisian memastikan seluruh anggota keluarga selamat dari maut. Selain itu, para staf rumah tangga juga tidak mengalami luka sedikitpun.</p>



<figure class=""wp-block-image size-large""><img loading=""lazy"" decoding=""async"" width=""1024"" height=""538"" src=""https://usmtv.id/wp-content/uploads/2026/03/rihannahouseshootingmugshot-1024x538.webp"" alt="""" class=""wp-image-51270"" srcset=""https://usmtv.id/wp-content/uploads/2026/03/rihannahouseshootingmugshot-1024x538.webp 1024w, https://usmtv.id/wp-content/uploads/2026/03/rihannahouseshootingmugshot-300x158.webp 300w, https://usmtv.id/wp-content/uploads/2026/03/rihannahouseshootingmugshot-768x403.webp 768w, https://usmtv.id/wp-content/uploads/2026/03/rihannahouseshootingmugshot.webp 1200w"" sizes=""auto, (max-width: 1024px) 100vw, 1024px"" /></figure>



<p>Hebatnya, kepolisian berhasil melacak jejak pelaku dalam waktu sangat singkat. Kini, petugas menahan seorang wanita asal Florida bernama Ivana Lisette Ortiz. Secara hukum, polisi mendakwa wanita berusia 35 tahun itu atas percobaan pembunuhan. Akibatnya, ia harus melunasi uang jaminan sebesar Rp172 miliar.</p>



<p>Sebelumnya, para petugas mengikuti mobil tersangka menuju area parkir Sherman Oaks. Di sanalah, aparat kepolisian berhasil meringkus pelaku tanpa perlawanan berarti. Nantinya, pihak kejaksaan akan segera menindaklanjuti kasus kriminal berat ini. Hingga kini, polisi masih menyelidiki motif utama penembakan rumah Rihanna tersebut. Akhirnya, mereka juga memburu kemungkinan keterlibatan tersangka lain dalam jaringan ini.</p>
",semarang usmnews lansir dari kumparancom orang tak kenal berondong tembak ke arah diam nyanyi papan atas dunia tepat insiden tembak rumah rihanna ini jadi pada kawasan eksklusif beverly hills bahkan laku lancar aksi bahaya pada minggu 83 siang waktu tempat kutip lapor hollywood reporter peristiwa keri ini langsung sekitar pukul 1320 lanjut polisi los angeles lapd langsung rilis detail kronologi jadi sebut awal laku lepas tembak mati dari dalam buah mobil tesla putih kemudian ia parkir kendara sebut tepat pada seberang gerbang utama ketika orang saksi mata telepon layan darurat panggil 911 untung polisi tiba di lokasi jadi hanya dalam waktu satu menit dasar lapor laku tembak senjata banyak 10 kali ke arah bangun jelas aksi tembak rumah rihanna ini sangat ancam nyawa hun baca juga duet nik honne rilis location unknown fakta sang diva pop sedang ada di dalam rumah saat jadi meski begitu polisi pasti seluruh anggota keluarga selamat dari maut selain itu para staf rumah tangga juga tidak alami luka sedikit hebat polisi hasil lacak jejak laku dalam waktu sangat singkat kini tugas tahan orang wanita asal florida nama ivana lisette ortiz cara hukum polisi dakwa wanita usia 35 tahun itu atas coba bunuh akibat ia harus lunas uang jamin besar rp172 miliar belum para tugas ikut mobil sangka tuju area parkir sherman oaks di sana aparat polisi hasil ringkus laku tanpa lawan arti nanti pihak jaksa akan segera menindaklanjuti kasus kriminal berat ini hingga kini polisi masih selidik motif utama tembak rumah rihanna sebut akhir mereka juga buru mungkin libat sangka lain dalam jaring ini
Developer Call of Duty Tolak Ide Game Konflik Iran–Israel,https://usmtv.id/developer-call-of-duty-tolak-ide-game-konflik-iran-israel/,"
<p><strong>Semarang (usmnews) &#8211; </strong>Di lansir dari <em>Detik.com</em> Seorang pengembang awal seri Call of Duty mengungkap fakta mengejutkan mengenai ide kontroversial yang pernah muncul dalam proses pengembangan game tersebut. Publisher Activision sempat mendorong tim developer membuat konsep permainan dengan skenario konflik militer antara Iran dan Israel.</p>



<p>Chance Glasco, salah satu pendiri Infinity Ward sekaligus co-creator seri Call of Duty, menyampaikan hal tersebut dalam sebuah diskusi. Ia menjelaskan bahwa ide itu muncul setelah para pendiri Infinity Ward meninggalkan studio dan kemudian mendirikan Respawn Entertainment.</p>



<h2 class=""wp-block-heading"" id=""h-tekanan-dari-publisher"">Tekanan dari Publisher</h2>



<figure class=""wp-block-image size-large""><img loading=""lazy"" decoding=""async"" width=""1024"" height=""576"" src=""https://usmtv.id/wp-content/uploads/2026/03/CODM-1-1024x576.png"" alt="""" class=""wp-image-51263"" srcset=""https://usmtv.id/wp-content/uploads/2026/03/CODM-1-1024x576.png 1024w, https://usmtv.id/wp-content/uploads/2026/03/CODM-1-300x169.png 300w, https://usmtv.id/wp-content/uploads/2026/03/CODM-1-768x432.png 768w, https://usmtv.id/wp-content/uploads/2026/03/CODM-1.png 1200w"" sizes=""auto, (max-width: 1024px) 100vw, 1024px"" /></figure>



<p>Glasco mengatakan Activision memberi tekanan kepada tim pengembang agar mengembangkan konsep game dengan cerita Iran menyerang Israel. Permintaan itu memicu ketidaknyamanan dalam tim karena banyak anggota merasa konsep tersebut lebih menyerupai propaganda politik daripada arahan kreatif untuk sebuah game perang.</p>



<p>Menurut Glasco, beberapa developer menilai ide tersebut terlalu sensitif dan berpotensi menimbulkan kontroversi besar. Akhirnya proyek dengan latar konflik Iran–Israel itu tidak pernah memasuki tahap produksi.</p>



<p>Pernyataan Glasco muncul saat publik kembali membahas penggunaan video game dalam komunikasi politik. Beberapa waktu lalu, Gedung Putih sempat memakai cuplikan dari game Call of Duty dalam sebuah video yang mempromosikan narasi kemenangan militer Amerika Serikat.</p>



<h2 class=""wp-block-heading"" id=""h-game-dan-pesan-konflik-politik"">Game dan Pesan Konflik Politik</h2>



<figure class=""wp-block-image size-large""><a href=""https://usmtv.id/wp-content/uploads/2026/03/CODM.png""><img loading=""lazy"" decoding=""async"" width=""1024"" height=""576"" src=""https://usmtv.id/wp-content/uploads/2026/03/CODM-1024x576.png"" alt="""" class=""wp-image-51262"" srcset=""https://usmtv.id/wp-content/uploads/2026/03/CODM-1024x576.png 1024w, https://usmtv.id/wp-content/uploads/2026/03/CODM-300x169.png 300w, https://usmtv.id/wp-content/uploads/2026/03/CODM-768x432.png 768w, https://usmtv.id/wp-content/uploads/2026/03/CODM.png 1200w"" sizes=""auto, (max-width: 1024px) 100vw, 1024px"" /></a></figure>



<p id=""h-""><br>Glasco menilai penggunaan budaya populer sebagai alat komunikasi politik bukan hal baru. Pemerintah dari berbagai negara kerap memanfaatkan film, musik, maupun video game untuk memengaruhi opini publik mengenai isu geopolitik dan perang.</p>



<p>Ia juga mengingatkan kontroversi misi “No Russian” dalam Call of Duty: Modern Warfare 2. Misi tersebut menuai kritik karena menampilkan aksi penembakan terhadap warga sipil dalam sebuah bandara.</p>



<p>Glasco menegaskan bahwa sejak awal seri Call of Duty sebenarnya bertujuan menggambarkan perang secara brutal dan tragis, bukan sekadar hiburan. Dalam misi “No Russian”, pemain bahkan mendapat pilihan untuk melewati level tersebut tanpa ikut menyerang warga sipil.</p>



<p>Ia juga mengaku pernah menerima konsekuensi pribadi setelah detail misi itu bocor ke publik. Glasco menyebut dirinya kehilangan paspor Rusia dan tidak mengetahui apakah hingga sekarang pemerintah Rusia masih melarangnya masuk ke negara tersebut.</p>



<p id=""h-"">Dalam beberapa tahun terakhir, pemerintahan Donald Trump juga beberapa kali menggunakan referensi budaya pop lain dalam komunikasi politik, termasuk karakter Master Chief dari seri Halo serta referensi franchise Pokémon.</p>
",semarang usmnews 8211 di lansir dari detikcom orang kembang awal seri call of duty ungkap fakta kejut kena ide kontroversial yang pernah muncul dalam proses kembang game sebut publisher activision sempat dorong tim developer buat konsep main dengan skenario konflik militer antara iran dan israel chance glasco salah satu diri infinity ward sekaligus cocreator seri call of duty sampai hal sebut dalam buah diskusi ia jelas bahwa ide itu muncul telah para diri infinity ward tinggal studio dan kemudian diri respawn entertainment tekan dari publisher glasco kata activision beri tekan kepada tim kembang agar kembang konsep game dengan cerita iran serang israel minta itu picu ketidaknyamanan dalam tim karena banyak anggota rasa konsep sebut lebih rupa propaganda politik daripada arah kreatif untuk buah game perang turut glasco beberapa developer nilai ide sebut terlalu sensitif dan potensi timbul kontroversi besar akhir proyek dengan latar konflik iranisrael itu tidak pernah pasuk tahap produksi nyata glasco muncul saat publik kembali bahas guna video game dalam komunikasi politik beberapa waktu lalu gedung putih sempat pakai cuplik dari game call of duty dalam buah video yang promosi narasi menang militer amerika serikat game dan pesan konflik politik glasco nilai guna budaya populer bagai alat komunikasi politik bukan hal baru perintah dari bagai negara kerap manfaat film musik maupun video game untuk pengaruh opini publik kena isu geopolitik dan perang ia juga ingat kontroversi misi no russian dalam call of duty modern warfare 2 misi sebut tuai kritik karena tampil aksi tembak hadap warga sipil dalam buah bandara glasco tegas bahwa sejak awal seri call of duty benar tuju gambar perang cara brutal dan tragis bukan sekadar hibur dalam misi no russian main bahkan dapat pilih untuk lewat level sebut tanpa ikut serang warga sipil ia juga aku pernah terima konsekuensi pribadi telah detail misi itu bocor ke publik glasco sebut diri hilang paspor rusia dan tidak tahu apakah hingga sekarang perintah rusia masih larang masuk ke negara sebut dalam beberapa tahun akhir perintah donald trump juga beberapa kali guna referensi budaya pop lain dalam komunikasi politik masuk karakter master chief dari seri halo serta referensi franchise pokmon
KAI Beri Diskon Tiket Kereta hingga 30 Persen,https://usmtv.id/kai-beri-diskon-tiket-kereta-hingga-30-persen/,"
<p><strong>Semarang (usmnews) &#8211; </strong>Di lansir <em><a href=""https://www.kompas.tv/info-publik/655759/kai-hadirkan-promo-mudik-diskon-tiket-kereta-hingga-30-persen-untuk-keberangkatan-9-20-maret-2026"">detik.com</a></em> Kereta Api Indonesia (KAI) meluncurkan program Promo Mudik dengan potongan harga tiket kereta api hingga 30 persen. Program ini menyasar masyarakat yang ingin melakukan perjalanan pada Maret 2026, termasuk penumpang yang mulai merencanakan mudik lebih awal.</p>



<p>Promo tersebut menjadi bagian dari rangkaian kegiatan Ramadan Festive yang KAI siapkan untuk memberikan kemudahan perjalanan dengan biaya lebih terjangkau. Melalui program ini, KAI berharap masyarakat dapat memperoleh pilihan transportasi yang nyaman sekaligus ekonomis.</p>



<p>Diskon tiket mulai berlaku pada 9 Maret 2026. Penumpang dapat memanfaatkan tarif khusus tersebut untuk perjalanan kereta pada periode 9 hingga 20 Maret 2026. Dengan adanya promo ini, KAI mendorong masyarakat merencanakan perjalanan jauh lebih awal agar memperoleh tiket dengan harga lebih hemat.</p>



<h2 class=""wp-block-heading"" id=""h-ketentuan-promo-tiket-kereta"">Ketentuan Promo Tiket Kereta</h2>



<figure class=""wp-block-image size-large""><a href=""https://usmtv.id/wp-content/uploads/2026/03/kai.png""><img loading=""lazy"" decoding=""async"" width=""1024"" height=""576"" src=""https://usmtv.id/wp-content/uploads/2026/03/kai-1024x576.png"" alt="""" class=""wp-image-51252"" srcset=""https://usmtv.id/wp-content/uploads/2026/03/kai-1024x576.png 1024w, https://usmtv.id/wp-content/uploads/2026/03/kai-300x169.png 300w, https://usmtv.id/wp-content/uploads/2026/03/kai-768x432.png 768w, https://usmtv.id/wp-content/uploads/2026/03/kai.png 1200w"" sizes=""auto, (max-width: 1024px) 100vw, 1024px"" /></a></figure>



<p>KAI membuka pembelian tiket diskon melalui seluruh saluran penjualan resmi pada 9 Maret 2026. Pelanggan dapat mengakses informasi jadwal perjalanan serta ketersediaan tiket melalui aplikasi Access by KAI maupun kanal resmi lainnya.</p>



<p>Program promo ini memiliki beberapa ketentuan yang perlu diperhatikan calon penumpang. Potongan harga berlaku untuk perjalanan pada periode 9 hingga 20 Maret 2026. Namun, promo tidak mencakup layanan kereta kelas Luxury, Compartment, serta Kereta Wisata.</p>



<p>Selain itu, tarif diskon tidak berlaku pada tiket dengan tarif khusus dan tidak dapat digabungkan dengan program reduksi maupun potongan harga lainnya. Meskipun begitu, penumpang tetap memiliki kesempatan membatalkan tiket atau mengubah jadwal perjalanan sesuai aturan yang berlaku.</p>



<h3 class=""wp-block-heading"" id=""h-kuota-terbatas-untuk-perjalanan"">Kuota Terbatas untuk Perjalanan</h3>



<figure class=""wp-block-image size-large""><img loading=""lazy"" decoding=""async"" width=""1024"" height=""576"" src=""https://usmtv.id/wp-content/uploads/2026/03/kai-1-1024x576.png"" alt="""" class=""wp-image-51253"" srcset=""https://usmtv.id/wp-content/uploads/2026/03/kai-1-1024x576.png 1024w, https://usmtv.id/wp-content/uploads/2026/03/kai-1-300x169.png 300w, https://usmtv.id/wp-content/uploads/2026/03/kai-1-768x432.png 768w, https://usmtv.id/wp-content/uploads/2026/03/kai-1.png 1200w"" sizes=""auto, (max-width: 1024px) 100vw, 1024px"" /></figure>



<p>KAI mengingatkan masyarakat agar segera memanfaatkan promo tersebut. Jumlah tiket dengan tarif diskon sangat terbatas sehingga peluang mendapatkannya bergantung pada ketersediaan kuota.</p>



<p>Karena itu, calon penumpang sebaiknya segera mengecek jadwal kereta dan melakukan pemesanan lebih awal. Informasi lengkap terkait perjalanan, ketersediaan kursi, serta proses pemesanan dapat diakses melalui aplikasi Access by KAI maupun kanal penjualan resmi lainnya.</p>
",semarang usmnews 8211 di lansir detikcom kereta api indonesia kai luncur program promo mudik dengan potong harga tiket kereta api hingga 30 persen program ini sasar masyarakat yang ingin laku jalan pada maret 2026 masuk tumpang yang mulai rencana mudik lebih awal promo sebut jadi bagi dari rangkai giat ramadan festive yang kai siap untuk beri mudah jalan dengan biaya lebih jangkau lalu program ini kai harap masyarakat dapat oleh pilih transportasi yang nyaman sekaligus ekonomis diskon tiket mulai laku pada 9 maret 2026 tumpang dapat manfaat tarif khusus sebut untuk jalan kereta pada periode 9 hingga 20 maret 2026 dengan ada promo ini kai dorong masyarakat rencana jalan jauh lebih awal agar oleh tiket dengan harga lebih hemat tentu promo tiket kereta kai buka beli tiket diskon lalu seluruh salur jual resmi pada 9 maret 2026 langgan dapat akses informasi jadwal jalan serta sedia tiket lalu aplikasi access by kai maupun kanal resmi lain program promo ini milik beberapa tentu yang perlu perhati calon tumpang potong harga laku untuk jalan pada periode 9 hingga 20 maret 2026 namun promo tidak cakup layan kereta kelas luxury compartment serta kereta wisata selain itu tarif diskon tidak laku pada tiket dengan tarif khusus dan tidak dapat gabung dengan program reduksi maupun potong harga lain meski begitu tumpang tetap milik sempat batal tiket atau ubah jadwal jalan sesuai atur yang laku kuota batas untuk jalan kai ingat masyarakat agar segera manfaat promo sebut jumlah tiket dengan tarif diskon sangat batas sehingga peluang dapat gantung pada sedia kuota karena itu calon tumpang baik segera ecek jadwal kereta dan laku mesan lebih awal informasi lengkap kait jalan sedia kursi serta proses mesan dapat akses lalu aplikasi access by kai maupun kanal jual resmi lain
Fakta Unik Hewan Quokka: Mamalia Paling Bahagia di Dunia,https://usmtv.id/fakta-unik-hewan-quokka-mamalia-bahagia/,"
<p><strong>Semarang (usmnews)</strong> – Fakta unik hewan quokka selalu memancing senyum para pecinta satwa liar di dunia. Banyak warganet menjuluki mamalia kecil ini sebagai hewan paling bahagia di bumi. Bahkan, foto swafoto bersama satwa eksotis ini sering viral menghiasi berbagai platform media sosial. Namun, banyak orang awam belum memahami alasan biologis di balik raut wajah ceria tersebut. Padahal, ilmu pengetahuan memiliki penjelasan medis yang sangat logis mengenai bentuk anatomi mulut mereka.</p>



<p>Melansir laporan sains dari <a href=""https://www.msn.com/id-id/berita/other/benarkah-quokka-hewan-terbahagia-simak-faktanya/ar-AA1RiBpm?ocid=msedgdhp&amp;pc=NMTS&amp;cvid=69af944a7c884b829bbd212a87e0e5e2&amp;cvpid=69afd420264648e096565e92dd4a240b&amp;ei=12"">Kompas.com</a>, para ahli satwa merinci kehidupan asli mamalia berkantung ini. Rangkuman fakta unik hewan quokka ini memberikan edukasi penting bagi kita semua. Tentu saja, informasi ini membuka wawasan publik mengenai keanekaragaman hayati benua Australia. Selanjutnya, mari kita membahas kebiasaan unik dari hewan lucu ini secara lebih mendalam.</p>



<figure class=""wp-block-image size-large""><img loading=""lazy"" decoding=""async"" width=""1334"" height=""750"" src=""https://usmtv.id/wp-content/uploads/2026/03/image-20-edited.png"" alt="""" class=""wp-image-51246"" srcset=""https://usmtv.id/wp-content/uploads/2026/03/image-20-edited.png 1334w, https://usmtv.id/wp-content/uploads/2026/03/image-20-edited-300x169.png 300w, https://usmtv.id/wp-content/uploads/2026/03/image-20-edited-1024x576.png 1024w, https://usmtv.id/wp-content/uploads/2026/03/image-20-edited-768x432.png 768w"" sizes=""auto, (max-width: 1334px) 100vw, 1334px"" /></figure>



<h4 class=""wp-block-heading"" id=""h-senyuman-alami-dan-habitat-asli"">Senyuman Alami dan Habitat Asli</h4>



<p>Pertama, mamalia ini memiliki struktur rahang bawah yang sangat khas dan unik. Bentuk anatomi mulut mereka menciptakan ilusi visual layaknya sebuah senyuman kebahagiaan sejati. Faktanya, mereka membuka mulut mungil tersebut hanya untuk mendinginkan suhu tubuh saat cuaca panas.</p>



<p>Kemudian, hewan pemakan tumbuhan ini mendiami daratan pulau kecil di kawasan pesisir Australia Barat. Mereka hidup damai karena habitat Pulau Rottnest sangat aman dari pelbagai gangguan predator buas. Akibatnya, mereka berani mendekati turis manusia tanpa merasa takut atau waswas sama sekali.</p>



<figure class=""wp-block-image size-large""><img loading=""lazy"" decoding=""async"" width=""1334"" height=""750"" src=""https://usmtv.id/wp-content/uploads/2026/03/image-21-edited.png"" alt="""" class=""wp-image-51247"" srcset=""https://usmtv.id/wp-content/uploads/2026/03/image-21-edited.png 1334w, https://usmtv.id/wp-content/uploads/2026/03/image-21-edited-300x169.png 300w, https://usmtv.id/wp-content/uploads/2026/03/image-21-edited-1024x576.png 1024w, https://usmtv.id/wp-content/uploads/2026/03/image-21-edited-768x432.png 768w"" sizes=""auto, (max-width: 1334px) 100vw, 1334px"" /></figure>



<h4 class=""wp-block-heading"" id=""h-kerabat-kangguru-dan-status-perlindungan"">Kerabat Kangguru dan Status Perlindungan</h4>



<p>Di sisi lain, banyak orang mengira mamalia mungil ini berasal dari keluarga tikus raksasa. Padahal, mereka masuk dalam kelompok makropoda yang berkerabat sangat dekat dengan kangguru. Induk betina juga memiliki kantung perut untuk mengasuh anak mereka hingga tumbuh mandiri. Selain itu, hewan herbivora ini sangat menyukai berbagai jenis rumput dan dedaunan segar setiap hari. Mereka memiliki kebiasaan memuntahkan kembali makanan tersebut untuk mengunyahnya lagi hingga benar-benar halus.</p>



<p>Lebih lanjut, ketenaran mamalia ini di media sosial ternyata membawa dampak buruk bagi populasi aslinya. Banyak turis ceroboh memberi mereka makanan sembarangan yang merusak sistem pencernaan dengan cepat. Oleh karena itu, pemerintah setempat menerapkan denda besar bagi siapapun yang berani menyentuh satwa ini.</p>



<p><strong>Kesimpulannya</strong>, rangkuman fakta unik hewan quokka ini mengajarkan kita tentang pentingnya etika berwisata alam. Kita wajib menjaga jarak aman saat berinteraksi dengan satwa liar di alam bebas. Maka dari itu, mari kita menikmati kelucuan mereka dari kejauhan tanpa merusak keseimbangan ekosistem. Kita harus memastikan senyum mamalia ini terus bertahan hingga masa depan nanti.</p>



<p><a href=""https://usmtv.id/hewan-berumur-paling-panjang-di-bumi/"">Baca Juga: Hewan Berumur Paling Panjang di Bumi: 5 Spesies Ini Hidup Abadi</a></p>
",semarang usmnews fakta unik hewan quokka selalu pancing senyum para cinta satwa liar di dunia banyak warganet juluk mamalia kecil ini bagai hewan paling bahagia di bumi bahkan foto swafoto sama satwa eksotis ini sering viral hias bagai platform media sosial namun banyak orang awam belum paham alas biologis di balik raut wajah ceria sebut padahal ilmu tahu milik jelas medis yang sangat logis kena bentuk anatomi mulut mereka lansir lapor sains dari kompascom para ahli satwa merinci hidup asli mamalia kantung ini rangkum fakta unik hewan quokka ini beri edukasi penting bagi kita semua tentu saja informasi ini buka wawas publik kena keanekaragaman hayati benua australia lanjut mari kita bahas biasa unik dari hewan lucu ini cara lebih dalam senyum alami dan habitat asli pertama mamalia ini milik struktur rahang bawah yang sangat khas dan unik bentuk anatomi mulut mereka cipta ilusi visual layak buah senyum bahagia sejati fakta mereka buka mulut mungil sebut hanya untuk dingin suhu tubuh saat cuaca panas kemudian hewan makan tumbuh ini ami darat pulau kecil di kawasan pesisir australia barat mereka hidup damai karena habitat pulau rottnest sangat aman dari pelbagai ganggu predator buas akibat mereka berani dekat turis manusia tanpa rasa takut atau waswas sama sekali kerabat kangguru dan status lindung di sisi lain banyak orang ira mamalia mungil ini asal dari keluarga tikus raksasa padahal mereka masuk dalam kelompok makropoda yang kerabat sangat dekat dengan kangguru induk betina juga milik kantung perut untuk asuh anak mereka hingga tumbuh mandiri selain itu hewan herbivora ini sangat suka bagai jenis rumput dan dedaunan segar tiap hari mereka milik biasa muntah kembali makan sebut untuk kunyah lagi hingga benarbenar halus lebih lanjut tenar mamalia ini di media sosial nyata bawa dampak buruk bagi populasi asli banyak turis ceroboh beri mereka makan sembarang yang rusak sistem cerna dengan cepat oleh karena itu perintah tempat terap denda besar bagi siapa yang berani sentuh satwa ini simpul rangkum fakta unik hewan quokka ini ajar kita tentang penting etika wisata alam kita wajib jaga jarak aman saat interaksi dengan satwa liar di alam bebas maka dari itu mari kita nikmat lucu mereka dari jauh tanpa rusak imbang ekosistem kita harus pasti senyum mamalia ini terus tahan hingga masa depan nanti baca juga hewan umur paling panjang di bumi 5 spesies ini hidup abadi
Kenali Tanda Trauma Setelah Bencana Alam Menurut Psikolog,https://usmtv.id/kenali-tanda-trauma-setelah-bencana-alam-menurut-psikolog/,"
<p><strong>Semarang (usmnews)</strong> &#8211; Bencana alam selalu meninggalkan luka yang sangat mendalam. Mula-mula, bencana merusak berbagai bangunan fisik secara massal. Selain itu, bencana juga memicu tekanan mental bagi korbannya. Bahkan, masalah psikologis ini sering bertahan sangat lama sekali. Oleh karena itu, kita harus mewaspadai kondisi mental tersebut. Sebab, banyak korban mengalami trauma setelah bencana alam reda. Tentu saja, hal ini membutuhkan perhatian medis secara serius.</p>



<figure class=""wp-block-image size-large""><img loading=""lazy"" decoding=""async"" width=""1024"" height=""576"" src=""https://usmtv.id/wp-content/uploads/2026/03/trauma-1024x576.png"" alt="""" class=""wp-image-51238"" srcset=""https://usmtv.id/wp-content/uploads/2026/03/trauma-1024x576.png 1024w, https://usmtv.id/wp-content/uploads/2026/03/trauma-300x169.png 300w, https://usmtv.id/wp-content/uploads/2026/03/trauma-768x432.png 768w, https://usmtv.id/wp-content/uploads/2026/03/trauma-1536x864.png 1536w, https://usmtv.id/wp-content/uploads/2026/03/trauma.png 1920w"" sizes=""auto, (max-width: 1024px) 100vw, 1024px"" /></figure>



<h3 class=""wp-block-heading"" id=""h-pandangan-psikolog-tentang-gejala-trauma""><strong>Pandangan Psikolog Tentang Gejala Trauma</strong></h3>



<p>Selanjutnya, mari kita simak penjelasan dari seorang ahli psikologi. Tepatnya, psikolog Danti Wulan Manunggal memberikan pandangan medisnya. Saat ini, Danti aktif bekerja untuk platform psikologi Ibunda.id. Menurutnya, gejala trauma korban tidak selalu tampak secara jelas. Misalnya, trauma tidak selalu berwujud tangisan kesedihan yang histeris. &#8220;Trauma tidak selalu terlihat dari tangisan,&#8221; ujar Danti tegas. Kemudian, Danti menyampaikan pernyataan ini pada hari Minggu kemarin. Dengan demikian, masyarakat harus mengenali tanda trauma lebih peka.</p>



<h3 class=""wp-block-heading"" id=""h-perubahan-fisik-dan-emosi-secara-halus""><strong>Perubahan Fisik dan Emosi Secara Halus</strong></h3>



<p>Lalu, apa saja tanda trauma yang sangat halus tersebut? Pertama, korban sering mengalami kesulitan tidur pada malam hari. Kedua, mereka menjadi sangat mudah marah tanpa alasan jelas. Selain itu, muncul gangguan fisik yang menyerang tubuh korban. Contohnya, mereka sering merasakan keluhan sakit kepala yang hebat. Selanjutnya, korban menunjukkan perubahan perilaku secara drastis setiap hari. Padahal, mereka sering tidak menyadari perubahan sikap tersebut. Akibatnya, hubungan sosial korban dengan keluarga bisa menjadi renggang.</p>



<figure class=""wp-block-image size-large""><img loading=""lazy"" decoding=""async"" width=""1024"" height=""576"" src=""https://usmtv.id/wp-content/uploads/2026/03/trauma-1-1024x576.png"" alt="""" class=""wp-image-51239"" srcset=""https://usmtv.id/wp-content/uploads/2026/03/trauma-1-1024x576.png 1024w, https://usmtv.id/wp-content/uploads/2026/03/trauma-1-300x169.png 300w, https://usmtv.id/wp-content/uploads/2026/03/trauma-1-768x432.png 768w, https://usmtv.id/wp-content/uploads/2026/03/trauma-1-1536x864.png 1536w, https://usmtv.id/wp-content/uploads/2026/03/trauma-1.png 1920w"" sizes=""auto, (max-width: 1024px) 100vw, 1024px"" /></figure>



<h3 class=""wp-block-heading"" id=""h-pentingnya-dukungan-keluarga-sekitar""><strong>Pentingnya Dukungan Keluarga Sekitar</strong></h3>



<p>Oleh sebab itu, kita wajib mengenali tanda tekanan mental. Khususnya, bagi seseorang yang baru saja mengalami bencana alam. Bahkan, masyarakat yang tinggal pada wilayah rawan ikut berisiko. Sebab, perasaan waswas terus menghantui pikiran mereka setiap waktu. Sehingga, mereka tidak bisa menjalani hidup dengan perasaan tenang. Maka dari itu, keluarga harus selalu memberikan dukungan moral. Jangan pernah meninggalkan korban sendirian melewati masa kelam ini. Pastinya, kehadiran keluarga akan mempercepat proses pemulihan jiwa mereka.</p>



<h3 class=""wp-block-heading"" id=""h-segera-cari-bantuan-medis-profesional""><strong>Segera Cari Bantuan Medis Profesional</strong></h3>



<p>Terakhir, korban harus segera mendapat penanganan tenaga medis profesional. Sebaiknya, keluarga segera membawa korban menemui psikolog terdekat sekarang. Sebab, ahli jiwa memiliki metode terapi yang paling tepat. Misalnya, mereka menyediakan sesi konseling untuk meredakan rasa cemas. Selain itu, dokter jiwa bisa memberikan obat penenang khusus. Akhirnya, kondisi psikologis korban akan berangsur pulih seperti semula. Pastinya, kesehatan mental memiliki nilai sama dengan kesehatan fisik. Dengan begitu, korban bisa kembali menata masa depan mereka.</p>
",semarang usmnews 8211 bencana alam selalu tinggal luka yang sangat dalam mulamula bencana rusak bagai bangun fisik cara massal selain itu bencana juga picu tekan mental bagi korban bahkan masalah psikologis ini sering tahan sangat lama sekali oleh karena itu kita harus waspada kondisi mental sebut sebab banyak korban alami trauma telah bencana alam reda tentu saja hal ini butuh perhati medis cara serius pandang psikolog tentang gejala trauma lanjut mari kita simak jelas dari orang ahli psikologi tepat psikolog danti wulan manunggal beri pandang medis saat ini danti aktif kerja untuk platform psikologi ibundaid turut gejala trauma korban tidak selalu tampak cara jelas misal trauma tidak selalu wujud tangis sedih yang histeris 8220trauma tidak selalu lihat dari tangisan8221 ujar danti tegas kemudian danti sampai nyata ini pada hari minggu kemarin dengan demikian masyarakat harus nali tanda trauma lebih peka ubah fisik dan emosi cara halus lalu apa saja tanda trauma yang sangat halus sebut pertama korban sering alami sulit tidur pada malam hari dua mereka jadi sangat mudah marah tanpa alas jelas selain itu muncul ganggu fisik yang serang tubuh korban contoh mereka sering rasa keluh sakit kepala yang hebat lanjut korban tunjuk ubah perilaku cara drastis tiap hari padahal mereka sering tidak sadar ubah sikap sebut akibat hubung sosial korban dengan keluarga bisa jadi renggang penting dukung keluarga sekitar oleh sebab itu kita wajib nali tanda tekan mental khusus bagi orang yang baru saja alami bencana alam bahkan masyarakat yang tinggal pada wilayah rawan ikut risiko sebab asa waswas terus hantu pikir mereka tiap waktu sehingga mereka tidak bisa jalan hidup dengan asa tenang maka dari itu keluarga harus selalu beri dukung moral jangan pernah tinggal korban sendiri lewat masa kelam ini pasti hadir keluarga akan cepat proses pulih jiwa mereka segera cari bantu medis profesional akhir korban harus segera dapat tangan tenaga medis profesional baik keluarga segera bawa korban temu psikolog dekat sekarang sebab ahli jiwa milik metode terapi yang paling tepat misal mereka sedia sesi konseling untuk reda rasa cemas selain itu dokter jiwa bisa beri obat tenang khusus akhir kondisi psikologis korban akan angsur pulih seperti mula pasti sehat mental milik nilai sama dengan sehat fisik dengan begitu korban bisa kembali tata masa depan mereka
Dampak Serangan Rudal Nuklir: 5 Efek Mengerikannya,https://usmtv.id/dampak-serangan-rudal-nuklir-efek-mengerikan/,"
<p><strong>Semarang (usmnews)</strong> – Dampak serangan rudal nuklir selalu memicu rasa takut bagi seluruh penduduk bumi. Banyak orang membayangkan kehancuran total akibat ledakan senjata pemusnah massal ini. Bahkan, para ilmuwan terus memperingatkan bahaya radiasi bagi kelangsungan ekosistem alam liar. Pemimpin negara besar memiliki tanggung jawab berat untuk menjaga perdamaian dunia. Sebab, peperangan modern menggunakan hulu ledak atom pasti membawa bencana kiamat bagi peradaban modern kita.</p>



<p>Melansir laporan sains dari <a href=""https://www.msn.com/id-id/berita/teknologidansains/apa-yang-terjadi-jika-serangan-rudal-nuklir-hantam-suatu-wilayah/ar-AA1XRCSk?ocid=msedgdhp&amp;pc=NMTS&amp;cvid=69af944a7c884b829bbd212a87e0e5e2&amp;ei=27"">IDN Times</a>, para ahli fisika merinci skenario terburuk dari ledakan mematikan tersebut. Penjelasan mengenai dampak serangan rudal nuklir ini memberikan edukasi penting bagi kita semua. Tentu saja, informasi ini membuka mata publik mengenai kengerian perang teknologi tinggi. Selanjutnya, mari kita membahas rentetan efek merusak dari senjata mengerikan ini secara mendalam.</p>



<h4 class=""wp-block-heading"" id=""h-kilatan-cahaya-dan-gelombang-kejut"">Kilatan Cahaya dan Gelombang Kejut</h4>



<figure class=""wp-block-image size-full""><img loading=""lazy"" decoding=""async"" width=""768"" height=""432"" src=""https://usmtv.id/wp-content/uploads/2026/03/image-17-edited.png"" alt="""" class=""wp-image-51227"" srcset=""https://usmtv.id/wp-content/uploads/2026/03/image-17-edited.png 768w, https://usmtv.id/wp-content/uploads/2026/03/image-17-edited-300x169.png 300w"" sizes=""auto, (max-width: 768px) 100vw, 768px"" /></figure>



<p>Pertama, bom ini memancarkan kilatan cahaya super terang pada detik pertama ledakan. Cahaya menyilaukan ini sanggup membutakan mata manusia dari jarak puluhan kilometer. Selain itu, suhu panas dari bola api tersebut langsung membakar habis segala materi di sekitarnya.</p>



<p>Kemudian, ledakan ini menghasilkan gelombang kejut yang menyapu daratan dengan kecepatan luar biasa. Gelombang angin bertekanan tinggi ini meratakan gedung pencakar langit layaknya tumpukan kartu. Akibatnya, makhluk hidup yang berada di zona pusat ledakan pasti kehilangan nyawa seketika.</p>



<h4 class=""wp-block-heading"" id=""h-badai-api-dan-hujan-radiasi"">Badai Api dan Hujan Radiasi</h4>



<figure class=""wp-block-image size-full""><img loading=""lazy"" decoding=""async"" width=""768"" height=""432"" src=""https://usmtv.id/wp-content/uploads/2026/03/image-18-edited.png"" alt="""" class=""wp-image-51231"" srcset=""https://usmtv.id/wp-content/uploads/2026/03/image-18-edited.png 768w, https://usmtv.id/wp-content/uploads/2026/03/image-18-edited-300x169.png 300w"" sizes=""auto, (max-width: 768px) 100vw, 768px"" /></figure>



<p>Di sisi lain, suhu panas ekstrem memicu kemunculan badai api raksasa di seluruh penjuru kota. Kobaran api menyedot semua cadangan oksigen dan mengubah area tersebut menjadi lautan neraka. Petugas penyelamat pasti kesulitan menembus zona bencana yang sangat luas tersebut.</p>



<p>Selanjutnya, awan jamur raksasa membawa jutaan partikel debu radioaktif terbang melayang ke udara. Angin kencang meniup partikel beracun ini menuju wilayah yang berjarak sangat jauh. Debu mematikan ini merusak susunan sel manusia dan memicu berbagai jenis penyakit mematikan.</p>



<h4 class=""wp-block-heading"" id=""h-ancaman-musim-dingin-yang-mematikan"">Ancaman Musim Dingin yang Mematikan</h4>



<figure class=""wp-block-image size-full""><img loading=""lazy"" decoding=""async"" width=""768"" height=""432"" src=""https://usmtv.id/wp-content/uploads/2026/03/image-19-edited.png"" alt="""" class=""wp-image-51234"" srcset=""https://usmtv.id/wp-content/uploads/2026/03/image-19-edited.png 768w, https://usmtv.id/wp-content/uploads/2026/03/image-19-edited-300x169.png 300w"" sizes=""auto, (max-width: 768px) 100vw, 768px"" /></figure>



<p>Lebih lanjut, asap tebal menutupi atmosfer bumi dan menghalangi masuknya sinar matahari secara total. Suhu bumi menurun drastis hingga menggagalkan proses panen petani di seluruh belahan dunia. Bencana kelaparan massal mengancam sisa populasi manusia yang masih bertahan hidup.</p>



<p><strong>Kesimpulannya</strong>, rangkuman dampak serangan rudal nuklir ini menegaskan pentingnya upaya pelucutan senjata global. Kita wajib menjaga perdamaian agar bumi ini tetap menjadi tempat tinggal yang aman. Oleh karena itu, mari kita menolak segala bentuk peperangan yang merugikan masyarakat sipil. Pemimpin dunia harus mengedepankan jalur diplomasi untuk menyelesaikan setiap konflik antar negara.</p>



<p><a href=""https://usmtv.id/arab-saudi-beri-peringatan-ke-iran-akibat-serangan-berulang/""><strong>Baca Juga:</strong> Arab Saudi Beri Peringatan ke Iran Akibat Serangan Berulang</a></p>
",semarang usmnews dampak serang rudal nuklir selalu picu rasa takut bagi seluruh duduk bumi banyak orang bayang hancur total akibat ledak senjata musnah massal ini bahkan para ilmuwan terus ingat bahaya radiasi bagi langsung ekosistem alam liar pimpin negara besar milik tanggung jawab berat untuk jaga damai dunia sebab peperangan modern guna hulu ledak atom pasti bawa bencana kiamat bagi adab modern kita lansir lapor sains dari idn times para ahli fisika merinci skenario buruk dari ledak mati sebut jelas kena dampak serang rudal nuklir ini beri edukasi penting bagi kita semua tentu saja informasi ini buka mata publik kena ngeri perang teknologi tinggi lanjut mari kita bahas rentet efek rusak dari senjata keri ini cara dalam kilat cahaya dan gelombang kejut pertama bom ini pancar kilat cahaya super terang pada detik pertama ledak cahaya silau ini sanggup buta mata manusia dari jarak puluh kilometer selain itu suhu panas dari bola api sebut langsung bakar habis segala materi di sekitar kemudian ledak ini hasil gelombang kejut yang sapu darat dengan cepat luar biasa gelombang angin tekan tinggi ini rata gedung cakar langit layak tumpu kartu akibat makhluk hidup yang ada di zona pusat ledak pasti hilang nyawa ketika badai api dan hujan radiasi di sisi lain suhu panas ekstrem picu muncul badai api raksasa di seluruh penjuru kota kobar api sedot semua cadang oksigen dan ubah area sebut jadi laut neraka tugas selamat pasti sulit tembus zona bencana yang sangat luas sebut lanjut awan jamur raksasa bawa juta partikel debu radioaktif terbang layang ke udara angin kencang tiup partikel racun ini tuju wilayah yang jarak sangat jauh debu mati ini rusak susun sel manusia dan picu bagai jenis sakit mati ancam musim dingin yang mati lebih lanjut asap tebal tutup atmosfer bumi dan halang masuk sinar matahari cara total suhu bumi turun drastis hingga gagal proses panen tani di seluruh bahan dunia bencana lapar massal ancam sisa populasi manusia yang masih tahan hidup simpul rangkum dampak serang rudal nuklir ini tegas penting upaya lucut senjata global kita wajib jaga damai agar bumi ini tetap jadi tempat tinggal yang aman oleh karena itu mari kita tolak segala bentuk peperangan yang rugi masyarakat sipil pimpin dunia harus depan jalur diplomasi untuk selesai tiap konflik antar negara baca juga arab saudi beri ingat ke iran akibat serang ulang
Ekonom Beri Saran Pangkas Dana MBG Demi Stabilkan BBM,https://usmtv.id/ekonom-beri-saran-pangkas-dana-mbg-demi-stabilkan-bbm/,"
<p><strong>Semarang(usmnews) &#8211; </strong>Langkah pemerintah untuk pangkas dana MBG menjadi saran utama dari para ekonom saat harga <a href=""https://www.tribunnews.com/tag/minyak-mentah"">minyak mentah</a> dunia melonjak tajam. Kondisi pasar global yang tidak menentu memaksa negara untuk mencari sumber dana alternatif guna menutup beban subsidi energi. Para ahli menilai bahwa kebijakan ini jauh lebih bijak daripada harus menaikkan harga BBM dalam waktu dekat. Oleh karena itu, penyesuaian anggaran pada sektor non-prioritas dapat menyelamatkan daya beli masyarakat luas sekarang juga. Pemerintah perlu menghitung ulang setiap alokasi dana agar stabilitas ekonomi nasional tetap terjaga dengan baik. Fokus utama saat ini adalah melindungi rakyat dari guncangan inflasi yang mungkin muncul akibat krisis energi. Langkah strategis ini akan memberikan ruang napas yang lebih lega bagi kas negara pada masa mendatang.</p>



<h4 class=""wp-block-heading"" id=""h-alasan-ekonom-sarankan-pangkas-dana-mbg-sekarang""><strong>Alasan Ekonom Sarankan Pangkas Dana MBG Sekarang</strong></h4>



<figure class=""wp-block-image size-large""><img loading=""lazy"" decoding=""async"" width=""1024"" height=""576"" src=""https://usmtv.id/wp-content/uploads/2026/03/jeruk-1024x576.png"" alt="""" class=""wp-image-51224"" srcset=""https://usmtv.id/wp-content/uploads/2026/03/jeruk-1024x576.png 1024w, https://usmtv.id/wp-content/uploads/2026/03/jeruk-300x169.png 300w, https://usmtv.id/wp-content/uploads/2026/03/jeruk-768x432.png 768w, https://usmtv.id/wp-content/uploads/2026/03/jeruk-1536x864.png 1536w, https://usmtv.id/wp-content/uploads/2026/03/jeruk.png 1920w"" sizes=""auto, (max-width: 1024px) 100vw, 1024px"" /></figure>



<p>Para pengamat ekonomi membeberkan alasan mengapa pemerintah harus pangkas dana MBG di tengah situasi sulit ini. Program makan bergizi gratis memang memiliki tujuan yang baik namun membutuhkan biaya yang sangat besar dari anggaran negara. Sementara itu, kenaikan harga minyak dunia menuntut ketersediaan dana cadangan yang cukup besar setiap harinya. Oleh sebab itu, mengalihkan sebagian anggaran program tersebut menjadi pilihan yang sangat masuk akal bagi pemerintah. Kebijakan ini membantu pemerintah menghindari opsi kenaikan harga BBM yang berisiko memicu demonstrasi massa secara luas. Kita harus memahami bahwa prioritas utama negara saat ini adalah menjaga kestabilan harga kebutuhan pokok di pasar. Efisiensi anggaran menjadi kunci sukses dalam menghadapi tantangan ekonomi global yang semakin berat bagi negara berkembang.<br><br><strong>Baca juga : </strong><a href=""https://usmtv.id/krisis-navigasi-di-kawasan-teluk-seribu-kapal-terjebak-akibat-eskalasi-konflik-iran-as-israel/"">Krisis Navigasi di Kawasan Teluk: Seribu Kapal Terjebak Akibat Eskalasi Konflik Iran-AS-Israel</a><br></p>



<h4 class=""wp-block-heading"" id=""h-dampak-positif-jika-pemerintah-pangkas-dana-mbg""><strong>Dampak Positif Jika Pemerintah Pangkas Dana MBG</strong></h4>



<figure class=""wp-block-image size-large""><img loading=""lazy"" decoding=""async"" width=""1024"" height=""576"" src=""https://usmtv.id/wp-content/uploads/2026/03/cdd-1024x576.png"" alt="""" class=""wp-image-51228"" srcset=""https://usmtv.id/wp-content/uploads/2026/03/cdd-1024x576.png 1024w, https://usmtv.id/wp-content/uploads/2026/03/cdd-300x169.png 300w, https://usmtv.id/wp-content/uploads/2026/03/cdd-768x432.png 768w, https://usmtv.id/wp-content/uploads/2026/03/cdd-1536x864.png 1536w, https://usmtv.id/wp-content/uploads/2026/03/cdd.png 1920w"" sizes=""auto, (max-width: 1024px) 100vw, 1024px"" /></figure>



<p>Banyak pihak meyakini bahwa langkah pangkas dana MBG akan memberikan dampak positif bagi kesehatan fiskal Indonesia. Dengan melakukan penghematan, pemerintah dapat memperkuat cadangan energi nasional tanpa harus menambah utang luar negeri. Kemudian, langkah ini juga menunjukkan komitmen pemerintah dalam menjaga keberlangsungan hidup masyarakat kelas menengah ke bawah. Selain itu, pasar akan merespons positif setiap kebijakan yang mengedepankan efisiensi serta ketepatan dalam pengelolaan dana publik. Oleh karena itu, sinergi antara kementerian harus berjalan maksimal agar kebijakan pengalihan anggaran ini tepat sasaran. Mari kita dukung upaya para ahli dalam memberikan solusi terbaik demi kemajuan ekonomi bangsa yang kita cintai bersama. Penanganan krisis yang cepat akan memastikan Indonesia tetap tumbuh positif meski kondisi dunia sedang mengalami perlambatan ekonomi.</p>
",semarangusmnews 8211 langkah perintah untuk pangkas dana mbg jadi saran utama dari para ekonom saat harga minyak mentah dunia lonjak tajam kondisi pasar global yang tidak tentu paksa negara untuk cari sumber dana alternatif guna tutup beban subsidi energi para ahli nilai bahwa bijak ini jauh lebih bijak daripada harus naik harga bbm dalam waktu dekat oleh karena itu sesuai anggar pada sektor nonprioritas dapat selamat daya beli masyarakat luas sekarang juga perintah perlu hitung ulang tiap alokasi dana agar stabilitas ekonomi nasional tetap jaga dengan baik fokus utama saat ini adalah lindung rakyat dari guncang inflasi yang mungkin muncul akibat krisis energi langkah strategis ini akan beri ruang napas yang lebih lega bagi kas negara pada masa datang alas ekonom saran pangkas dana mbg sekarang para amat ekonomi beber alas mengapa perintah harus pangkas dana mbg di tengah situasi sulit ini program makan gizi gratis memang milik tuju yang baik namun butuh biaya yang sangat besar dari anggar negara sementara itu naik harga minyak dunia tuntut sedia dana cadang yang cukup besar tiap hari oleh sebab itu alih bagi anggar program sebut jadi pilih yang sangat masuk akal bagi perintah bijak ini bantu perintah hindar opsi naik harga bbm yang risiko picu demonstrasi massa cara luas kita harus paham bahwa prioritas utama negara saat ini adalah jaga stabil harga butuh pokok di pasar efisiensi anggar jadi kunci sukses dalam hadap tantang ekonomi global yang makin berat bagi negara kembang baca juga krisis navigasi di kawasan teluk ribu kapal jebak akibat eskalasi konflik iranasisrael dampak positif jika perintah pangkas dana mbg banyak pihak yakin bahwa langkah pangkas dana mbg akan beri dampak positif bagi sehat fiskal indonesia dengan laku hemat perintah dapat kuat cadang energi nasional tanpa harus tambah utang luar negeri kemudian langkah ini juga tunjuk komitmen perintah dalam jaga langsung hidup masyarakat kelas tengah ke bawah selain itu pasar akan respons positif tiap bijak yang depan efisiensi serta tepat dalam kelola dana publik oleh karena itu sinergi antara menteri harus jalan maksimal agar bijak alih anggar ini tepat sasar mari kita dukung upaya para ahli dalam beri solusi baik demi maju ekonomi bangsa yang kita cinta sama tangan krisis yang cepat akan pasti indonesia tetap tumbuh positif meski kondisi dunia sedang alami lambat ekonomi
Pegal di Pinggang Bisa Jadi Tanda Awal Kanker Ginjal,https://usmtv.id/pegal-di-pinggang-bisa-jadi-tanda-awal-kanker-ginjal/,"
<p><strong>Semarang(usmnews) &#8211; </strong>Pegal di <a href=""https://www.tribunnews.com/tag/pinggang"">pinggang</a> bisa jadi tanda awal kanker ginjal yang sering kali luput dari perhatian banyak orang saat ini. Masyarakat umumnya menganggap rasa sakit tersebut hanya sebagai akibat dari kelelahan bekerja atau salah posisi tidur saja. Padahal, dokter spesialis memperingatkan bahwa gejala ringan ini dapat merujuk pada pertumbuhan sel ganas di organ dalam. Oleh karena itu, Anda harus mulai waspada jika rasa nyeri tersebut muncul secara terus-menerus tanpa sebab yang jelas. Jangan pernah meremehkan gangguan fisik yang terjadi pada area punggung bagian bawah secara berulang. Selain itu, diagnosis dini sangat menentukan keberhasilan proses penyembuhan pasien dalam jangka panjang nanti. Langkah pencegahan sejak awal merupakan kunci utama untuk menghindari komplikasi medis yang jauh lebih berbahaya bagi kesehatan tubuh.</p>



<h4 class=""wp-block-heading"" id=""h-alasan-pegal-di-pinggang-bisa-jadi-tanda-awal-kanker-ginjal""><strong>Alasan Pegal di Pinggang Bisa Jadi Tanda Awal Kanker Ginjal</strong></h4>



<figure class=""wp-block-image size-large""><img loading=""lazy"" decoding=""async"" width=""1024"" height=""576"" src=""https://usmtv.id/wp-content/uploads/2026/03/gin-1024x576.png"" alt="""" class=""wp-image-51216"" srcset=""https://usmtv.id/wp-content/uploads/2026/03/gin-1024x576.png 1024w, https://usmtv.id/wp-content/uploads/2026/03/gin-300x169.png 300w, https://usmtv.id/wp-content/uploads/2026/03/gin-768x432.png 768w, https://usmtv.id/wp-content/uploads/2026/03/gin-1536x864.png 1536w, https://usmtv.id/wp-content/uploads/2026/03/gin.png 1920w"" sizes=""auto, (max-width: 1024px) 100vw, 1024px"" /></figure>



<p>Tenaga medis menjelaskan secara rinci kenapa pegal di pinggang bisa jadi tanda awal kanker ginjal pada orang dewasa. Massa tumor yang mulai membesar akan menekan jaringan saraf serta otot yang berada di sekitar area pinggang manusia. Kemudian, tekanan tersebut menimbulkan sensasi nyeri tumpul yang tidak kunjung hilang meskipun Anda sudah beristirahat cukup. Selain itu, penderita mungkin juga akan merasakan adanya benjolan kecil saat meraba area perut bagian samping. Oleh sebab itu, pemeriksaan melalui prosedur medis sangat dokter sarankan untuk memastikan kondisi kesehatan organ dalam Anda. Jangan sampai Anda menunggu gejala berat muncul sebelum memutuskan untuk pergi berkonsultasi ke rumah sakit terdekat. Penanganan yang cepat akan sangat membantu menghambat penyebaran sel kanker ke bagian tubuh lainnya.<br><br><strong>Baca juga :</strong> <a href=""https://usmtv.id/cara-bertahap-mengatasi-obesitas-anak-tanpa-diet-ketat/"">Cara Bertahap Mengatasi Obesitas Anak Tanpa Diet Ketat</a></p>



<h4 class=""wp-block-heading"" id=""h-waspadai-gejala-pegal-di-pinggang-bisa-jadi-tanda-awal-kanker-ginjal""><strong>Waspadai Gejala Pegal di Pinggang Bisa Jadi Tanda Awal Kanker Ginjal</strong></h4>



<figure class=""wp-block-image size-large""><img loading=""lazy"" decoding=""async"" width=""1024"" height=""576"" src=""https://usmtv.id/wp-content/uploads/2026/03/fv-1024x576.png"" alt="""" class=""wp-image-51217"" srcset=""https://usmtv.id/wp-content/uploads/2026/03/fv-1024x576.png 1024w, https://usmtv.id/wp-content/uploads/2026/03/fv-300x169.png 300w, https://usmtv.id/wp-content/uploads/2026/03/fv-768x432.png 768w, https://usmtv.id/wp-content/uploads/2026/03/fv-1536x864.png 1536w, https://usmtv.id/wp-content/uploads/2026/03/fv.png 1920w"" sizes=""auto, (max-width: 1024px) 100vw, 1024px"" /></figure>



<p>Masyarakat harus memahami indikasi lain selain fakta bahwa pegal di pinggang bisa jadi tanda awal kanker ginjal tersebut. Dokter sering kali menemukan gejala tambahan seperti munculnya darah dalam urine saat pasien buang air kecil secara rutin. Selain itu, penurunan berat badan secara drastis tanpa diet yang jelas juga menjadi sinyal bahaya yang nyata bagi Anda. Anda juga perlu memperhatikan kondisi kelelahan yang berlebihan serta munculnya demam tinggi secara tiba-tiba pada malam hari. Oleh karena itu, mulailah menerapkan pola hidup sehat dengan rajin mengonsumsi air putih setiap harinya sekarang juga. Mari kita lebih peduli terhadap sinyal kecil yang tubuh berikan demi menjaga kualitas hidup di masa depan yang cerah. Kesehatan merupakan aset yang sangat berharga sehingga setiap keluhan sekecil apa pun harus segera Anda tindak lanjuti secara profesional.</p>
",semarangusmnews 8211 pegal di pinggang bisa jadi tanda awal kanker ginjal yang sering kali luput dari perhati banyak orang saat ini masyarakat umum anggap rasa sakit sebut hanya bagai akibat dari lelah kerja atau salah posisi tidur saja padahal dokter spesialis ingat bahwa gejala ringan ini dapat rujuk pada tumbuh sel ganas di organ dalam oleh karena itu anda harus mulai waspada jika rasa nyeri sebut muncul cara terusmenerus tanpa sebab yang jelas jangan pernah remeh ganggu fisik yang jadi pada area punggung bagi bawah cara ulang selain itu diagnosis dini sangat tentu hasil proses sembuh pasien dalam jangka panjang nanti langkah cegah sejak awal rupa kunci utama untuk hindar komplikasi medis yang jauh lebih bahaya bagi sehat tubuh alas pegal di pinggang bisa jadi tanda awal kanker ginjal tenaga medis jelas cara rinci kenapa pegal di pinggang bisa jadi tanda awal kanker ginjal pada orang dewasa massa tumor yang mulai besar akan tekan jaring saraf serta otot yang ada di sekitar area pinggang manusia kemudian tekan sebut timbul sensasi nyeri tumpul yang tidak kunjung hilang meski anda sudah istirahat cukup selain itu derita mungkin juga akan rasa ada benjol kecil saat raba area perut bagi samping oleh sebab itu periksa lalu prosedur medis sangat dokter saran untuk pasti kondisi sehat organ dalam anda jangan sampai anda tunggu gejala berat muncul belum putus untuk pergi konsultasi ke rumah sakit dekat tangan yang cepat akan sangat bantu hambat sebar sel kanker ke bagi tubuh lain baca juga cara tahap atas obesitas anak tanpa diet ketat waspada gejala pegal di pinggang bisa jadi tanda awal kanker ginjal masyarakat harus paham indikasi lain selain fakta bahwa pegal di pinggang bisa jadi tanda awal kanker ginjal sebut dokter sering kali temu gejala tambah seperti muncul darah dalam urine saat pasien buang air kecil cara rutin selain itu turun berat badan cara drastis tanpa diet yang jelas juga jadi sinyal bahaya yang nyata bagi anda anda juga perlu perhati kondisi lelah yang lebih serta muncul demam tinggi cara tibatiba pada malam hari oleh karena itu mulai terap pola hidup sehat dengan rajin konsumsi air putih tiap hari sekarang juga mari kita lebih peduli hadap sinyal kecil yang tubuh ikan demi jaga kualitas hidup di masa depan yang cerah sehat rupa aset yang sangat harga sehingga tiap keluh kecil apa pun harus segera anda tindak lanjut cara profesional
Resep Simpel Kue Kacang untuk Lebaran,https://usmtv.id/resep-simpel-kue-kacang-untuk-lebaran/,"
<p><strong>Semarang (usmnews) </strong>&#8211; Momen perayaan Lebaran sebentar lagi akan segera tiba. Tentu saja, setiap keluarga memiliki tradisi unik masing-masing. Salah satunya, keluarga selalu menyiapkan camilan pengisi toples. Namun, banyak orang masih merasa bingung mencari ide. Oleh karena itu, artikel ini memberikan sebuah solusi. Tepatnya, Anda bisa mencoba membuat sajian kue kacang. Sebab, kue ini merupakan pilihan yang sangat tepat.</p>



<figure class=""wp-block-image size-large""><img loading=""lazy"" decoding=""async"" width=""1024"" height=""576"" src=""https://usmtv.id/wp-content/uploads/2026/03/kue-kacang-1-1024x576.png"" alt="""" class=""wp-image-51212"" srcset=""https://usmtv.id/wp-content/uploads/2026/03/kue-kacang-1-1024x576.png 1024w, https://usmtv.id/wp-content/uploads/2026/03/kue-kacang-1-300x169.png 300w, https://usmtv.id/wp-content/uploads/2026/03/kue-kacang-1-768x432.png 768w, https://usmtv.id/wp-content/uploads/2026/03/kue-kacang-1-1536x864.png 1536w, https://usmtv.id/wp-content/uploads/2026/03/kue-kacang-1.png 1920w"" sizes=""auto, (max-width: 1024px) 100vw, 1024px"" /></figure>



<h3 class=""wp-block-heading"" id=""h-keistimewaan-sajian-kue-kacang-klasik""><strong>Keistimewaan Sajian Kue Kacang Klasik</strong></h3>



<p>Selanjutnya, mari kita bahas keistimewaan camilan klasik ini. Pertama, kue ini menawarkan rasa yang sangat gurih. Kedua, tekstur kue ini juga sangat renyah sekali. Selain itu, cara membuatnya ternyata sangat simpel banget. Bahkan, Anda hanya membutuhkan sedikit modal bahan baku. Misalnya, Anda cukup menyiapkan setengah kilogram tepung terigu. Hasilnya, Anda sudah bisa menghasilkan porsi sangat melimpah.</p>



<h3 class=""wp-block-heading"" id=""h-sumber-inspirasi-resep-anti-gagal""><strong>Sumber Inspirasi Resep Anti Gagal</strong></h3>



<p>Lalu, dari mana asal mula resep rahasia ini? Ternyata, artikel ini mengutip sumber yang sangat terpercaya. Tepatnya, kami mendapat inspirasi dari sebuah kanal YouTube. Pemilik kanal tersebut bernama Ibu Fransiska Tien. Oleh sebab itu, Anda tidak perlu merasa ragu. Sebab, resep ini sudah terbukti berhasil dan enak. Dengan demikian, Anda bisa langsung mempraktikkannya sekarang juga.</p>



<figure class=""wp-block-image size-large""><img loading=""lazy"" decoding=""async"" width=""1024"" height=""576"" src=""https://usmtv.id/wp-content/uploads/2026/03/kue-kacang-2-1024x576.png"" alt="""" class=""wp-image-51213"" srcset=""https://usmtv.id/wp-content/uploads/2026/03/kue-kacang-2-1024x576.png 1024w, https://usmtv.id/wp-content/uploads/2026/03/kue-kacang-2-300x169.png 300w, https://usmtv.id/wp-content/uploads/2026/03/kue-kacang-2-768x432.png 768w, https://usmtv.id/wp-content/uploads/2026/03/kue-kacang-2-1536x864.png 1536w, https://usmtv.id/wp-content/uploads/2026/03/kue-kacang-2.png 1920w"" sizes=""auto, (max-width: 1024px) 100vw, 1024px"" /></figure>



<h3 class=""wp-block-heading"" id=""h-pemilihan-bahan-tepung-terigu-terbaik""><strong>Pemilihan Bahan Tepung Terigu Terbaik</strong></h3>



<p>Sekarang, mari kita siapkan semua bahan utamanya dahulu. Mula-mula, Anda wajib menimbang tepung terigu secara cermat. Sesuai resep, siapkan tepung sebanyak lima ratus gram. Namun, Anda harus memperhatikan jenis tepung terigu tersebut. Sebaiknya, Anda memakai tepung terigu berprotein sangat rendah. Tujuannya, tekstur kue Anda akan menjadi lebih renyah. Pastinya, keluarga Anda akan sangat menyukai tekstur tersebut.</p>



<h3 class=""wp-block-heading"" id=""h-langkah-mudah-membuat-adonan-kue""><strong>Langkah Mudah Membuat Adonan Kue</strong></h3>



<p>Kemudian, Anda juga membutuhkan kacang tanah kupas sangrai. Jangan lupa menghaluskan kacang tanah tersebut sampai lembut. Selanjutnya, campurkan semua bahan kering ke dalam wadah. Setelah itu, tuangkan minyak goreng sedikit demi sedikit. Lalu, aduk rata adonan sampai bisa Anda bentuk. Akhirnya, cetak adonan sesuai selera keluarga Anda masing-masing. Terakhir, panggang kue ke dalam oven sampai matang. Tentu, wangi kue ini akan memenuhi seisi rumah. Sehingga, tamu Anda akan tergoda untuk segera mencicipinya.</p>



<p></p>
",semarang usmnews 8211 momen raya lebaran sebentar lagi akan segera tiba tentu saja tiap keluarga milik tradisi unik masingmasing salah satu keluarga selalu siap camil isi toples namun banyak orang masih rasa bingung cari ide oleh karena itu artikel ini beri buah solusi tepat anda bisa coba buat saji kue kacang sebab kue ini rupa pilih yang sangat tepat istimewa saji kue kacang klasik lanjut mari kita bahas istimewa camil klasik ini pertama kue ini tawar rasa yang sangat gurih dua tekstur kue ini juga sangat renyah sekali selain itu cara buat nyata sangat simpel banget bahkan anda hanya butuh sedikit modal bahan baku misal anda cukup siap tengah kilogram tepung terigu hasil anda sudah bisa hasil porsi sangat limpah sumber inspirasi resep anti gagal lalu dari mana asal mula resep rahasia ini nyata artikel ini kutip sumber yang sangat percaya tepat kami dapat inspirasi dari buah kanal youtube milik kanal sebut nama ibu fransiska tien oleh sebab itu anda tidak perlu rasa ragu sebab resep ini sudah bukti hasil dan enak dengan demikian anda bisa langsung praktik sekarang juga pilih bahan tepung terigu baik sekarang mari kita siap semua bahan utama dahulu mulamula anda wajib timbang tepung terigu cara cermat sesuai resep siap tepung banyak lima ratus gram namun anda harus perhati jenis tepung terigu sebut baik anda pakai tepung terigu protein sangat rendah tuju tekstur kue anda akan jadi lebih renyah pasti keluarga anda akan sangat suka tekstur sebut langkah mudah buat adon kue kemudian anda juga butuh kacang tanah kupas sangrai jangan lupa halus kacang tanah sebut sampai lembut lanjut campur semua bahan kering ke dalam wadah telah itu tuang minyak goreng sedikit demi sedikit lalu aduk rata adon sampai bisa anda bentuk akhir cetak adon sesuai selera keluarga anda masingmasing akhir panggang kue ke dalam oven sampai matang tentu wangi kue ini akan penuh isi rumah sehingga tamu anda akan goda untuk segera cicip
Penyebab Kanker Ginjal Vidi Aldiano: Kenali Gejala dan Risikonya,https://usmtv.id/penyebab-kanker-ginjal-vidi-aldiano-gejala/,"
<p><strong>Semarang (usmnews) </strong>– Berita penyebab kanker ginjal Vidi Aldiano sungguh meninggalkan duka mendalam bagi industri musik Indonesia. Penyanyi bersuara emas ini akhirnya menghembuskan napas terakhirnya pada hari Sabtu, 7 Maret 2026. Sebelumnya, ia berjuang melawan penyakit kronis tersebut selama kurang lebih enam tahun sejak tahun 2019. Tentu saja, kepergian sang artis memicu kesadaran publik mengenai bahaya penyakit mematikan ini. Kita semua harus belajar mengenali faktor risiko penyakit tersebut sedini mungkin.</p>



<p>Melansir laporan medis dari <a href=""https://www.msn.com/id-id/berita/other/penyebab-kanker-ginjal-yang-diderita-vidi-aldiano-hindari-faktor-risikonya-kenali-gejalanya/ar-AA1XOfdg?ocid=msedgntp&amp;cvid=69ae8bbd0437415cb29f19a24726fbb7&amp;ei=15"" target=""_blank"" rel=""noreferrer noopener"">MSN Berita</a>, penyakit ganas ini bermula dari pertumbuhan sel abnormal pada jaringan tubuh. Sel-sel jahat ini kemudian membentuk benjolan tumor yang merusak fungsi organ penyaring darah tersebut. Topik penyebab kanker ginjal Vidi Aldiano ini memberikan peringatan keras bagi seluruh generasi muda. Selanjutnya, mari kita bahas faktor pemicu serta tanda-tanda awalnya secara rinci.</p>



<figure class=""wp-block-gallery has-nested-images columns-default is-cropped wp-block-gallery-1 is-layout-flex wp-block-gallery-is-layout-flex"">
<figure class=""wp-block-image size-large""><img loading=""lazy"" decoding=""async"" width=""1024"" height=""576"" data-id=""51204"" src=""https://usmtv.id/wp-content/uploads/2026/03/Fakta-air-mata-buaya-mitos-medis-31-1024x576.png"" alt="""" class=""wp-image-51204"" srcset=""https://usmtv.id/wp-content/uploads/2026/03/Fakta-air-mata-buaya-mitos-medis-31-1024x576.png 1024w, https://usmtv.id/wp-content/uploads/2026/03/Fakta-air-mata-buaya-mitos-medis-31-300x169.png 300w, https://usmtv.id/wp-content/uploads/2026/03/Fakta-air-mata-buaya-mitos-medis-31-768x432.png 768w, https://usmtv.id/wp-content/uploads/2026/03/Fakta-air-mata-buaya-mitos-medis-31-1536x864.png 1536w, https://usmtv.id/wp-content/uploads/2026/03/Fakta-air-mata-buaya-mitos-medis-31.png 1920w"" sizes=""auto, (max-width: 1024px) 100vw, 1024px"" /></figure>
</figure>



<h4 class=""wp-block-heading"" id=""h-daftar-pemicu-dan-faktor-risiko-penyakit"">Daftar Pemicu dan Faktor Risiko Penyakit</h4>



<p><strong>1. Kebiasaan Menghisap Rokok</strong> Zat beracun dari rokok meluncur masuk ke dalam aliran darah manusia setiap hari. Ginjal kemudian menyaring racun tersebut hingga menumpuk dan merusak jaringan organ secara masif.</p>



<p><strong>2. Masalah Obesitas Ekstrem</strong> Kelebihan berat badan sangat memicu kemunculan berbagai penyakit kronis pada tubuh kita. Orang dengan obesitas memiliki peluang jauh lebih besar untuk mengidap penyakit mematikan ini.</p>



<p><strong>3. Tekanan Darah Tinggi</strong> Penyakit hipertensi juga merusak pembuluh darah pada organ dalam secara perlahan namun pasti. Anda harus mengontrol tekanan darah agar tetap stabil melalui asupan gizi yang seimbang.</p>



<p><strong>4. Faktor Riwayat Keturunan</strong> Riwayat genetik keluarga memegang peran yang sangat penting dalam memicu penyakit. Seseorang berpeluang besar mewarisi gen kanker tersebut dari orang tua kandung mereka.</p>



<figure class=""wp-block-gallery has-nested-images columns-default is-cropped wp-block-gallery-2 is-layout-flex wp-block-gallery-is-layout-flex"">
<figure class=""wp-block-image size-large""><img loading=""lazy"" decoding=""async"" width=""1024"" height=""576"" data-id=""51205"" src=""https://usmtv.id/wp-content/uploads/2026/03/Fakta-air-mata-buaya-mitos-medis-32-1024x576.png"" alt="""" class=""wp-image-51205"" srcset=""https://usmtv.id/wp-content/uploads/2026/03/Fakta-air-mata-buaya-mitos-medis-32-1024x576.png 1024w, https://usmtv.id/wp-content/uploads/2026/03/Fakta-air-mata-buaya-mitos-medis-32-300x169.png 300w, https://usmtv.id/wp-content/uploads/2026/03/Fakta-air-mata-buaya-mitos-medis-32-768x432.png 768w, https://usmtv.id/wp-content/uploads/2026/03/Fakta-air-mata-buaya-mitos-medis-32-1536x864.png 1536w, https://usmtv.id/wp-content/uploads/2026/03/Fakta-air-mata-buaya-mitos-medis-32.png 1920w"" sizes=""auto, (max-width: 1024px) 100vw, 1024px"" /></figure>
</figure>



<h4 class=""wp-block-heading"" id=""h-gejala-awal-yang-wajib-anda-waspadai"">Gejala Awal yang Wajib Anda Waspadai</h4>



<p><strong>1. Urine Mengandung Darah</strong> Pasien sering mengeluarkan air seni yang berwarna merah menyala atau kecokelatan kotor. Perubahan warna ini menandakan adanya pendarahan pada saluran kemih bagian dalam.</p>



<p><strong>2. Nyeri Pinggang Bawah</strong> Penderita merasakan rasa sakit yang sangat mengganggu pada area punggung bawah mereka. Rasa sakit ini muncul secara terus-menerus tanpa adanya cedera fisik sebelumnya.</p>



<p><strong>3. Penurunan Berat Badan</strong> Tubuh pasien menyusut drastis tanpa alasan yang jelas meski mereka makan dengan teratur. Mereka juga kehilangan nafsu makan secara tiba-tiba seiring berjalannya waktu.</p>



<p><strong>4. Muncul Benjolan Asing</strong> Beberapa orang menemukan benjolan keras pada area perut atau pinggang samping mereka. Benjolan ini menandakan ukuran tumor sudah membesar dan mulai mendesak organ lainnya.</p>



<p><strong>Kesimpulannya</strong>, informasi mengenai penyebab kanker ginjal Vidi Aldiano menjadi pengingat berharga bagi kita semua. Kita wajib menerapkan pola hidup sehat sedini mungkin untuk menjaga kesehatan tubuh. Oleh karena itu, mari kita rutin berolahraga dan memperbanyak konsumsi sayuran segar setiap hari. Deteksi medis secara dini pasti menyelamatkan nyawa kita dari ancaman penyakit yang sangat berbahaya.</p>



<p><a href=""https://usmtv.id/isak-tangis-rekan-artis-iringi-pemakaman-vidi-aldiano/"">Baca Juga: Isak Tangis Rekan Artis Iringi Pemakaman Vidi Aldiano</a></p>
",semarang usmnews berita sebab kanker ginjal vidi aldiano sungguh tinggal duka dalam bagi industri musik indonesia nyanyi suara emas ini akhir hembus napas akhir pada hari sabtu 7 maret 2026 belum ia juang lawan sakit kronis sebut lama kurang lebih enam tahun sejak tahun 2019 tentu saja pergi sang artis picu sadar publik kena bahaya sakit mati ini kita semua harus ajar nali faktor risiko sakit sebut din mungkin lansir lapor medis dari msn berita sakit ganas ini mula dari tumbuh sel abnormal pada jaring tubuh selsel jahat ini kemudian bentuk benjol tumor yang rusak fungsi organ nyaring darah sebut topik sebab kanker ginjal vidi aldiano ini beri ingat keras bagi seluruh generasi muda lanjut mari kita bahas faktor picu serta tandatanda awal cara rinci daftar picu dan faktor risiko sakit 1 biasa menghisap rokok zat racun dari rokok luncur masuk ke dalam alir darah manusia tiap hari ginjal kemudian nyaring racun sebut hingga tumpuk dan rusak jaring organ cara masif 2 masalah obesitas ekstrem lebih berat badan sangat picu muncul bagai sakit kronis pada tubuh kita orang dengan obesitas milik peluang jauh lebih besar untuk idap sakit mati ini 3 tekan darah tinggi sakit hipertensi juga rusak buluh darah pada organ dalam cara perlahan namun pasti anda harus kontrol tekan darah agar tetap stabil lalu asupan gizi yang imbang 4 faktor riwayat turun riwayat genetik keluarga pegang peran yang sangat penting dalam picu sakit orang peluang besar waris gen kanker sebut dari orang tua kandung mereka gejala awal yang wajib anda waspada 1 urine kandung darah pasien sering keluar air seni yang warna merah nyala atau cokelat kotor ubah warna ini tanda ada darah pada salur kemih bagi dalam 2 nyeri pinggang bawah derita rasa rasa sakit yang sangat ganggu pada area punggung bawah mereka rasa sakit ini muncul cara terusmenerus tanpa ada cedera fisik belum 3 turun berat badan tubuh pasien susut drastis tanpa alas yang jelas meski mereka makan dengan atur mereka juga hilang nafsu makan cara tibatiba iring jalan waktu 4 muncul benjol asing beberapa orang temu benjol keras pada area perut atau pinggang samping mereka benjol ini tanda ukur tumor sudah besar dan mulai desak organ lain simpul informasi kena sebab kanker ginjal vidi aldiano jadi ingat harga bagi kita semua kita wajib terap pola hidup sehat din mungkin untuk jaga sehat tubuh oleh karena itu mari kita rutin olahraga dan banyak konsumsi sayur segar tiap hari deteksi medis cara dini pasti selamat nyawa kita dari ancam sakit yang sangat bahaya baca juga isak tangis rekan artis iring makam vidi aldiano
Aturan Baru Komdigi Wajibkan Verifikasi Usia Pengguna,https://usmtv.id/aturan-baru-komdigi-wajibkan-verifikasi-usia-pengguna/,"
<p><strong>Semarang (usmnews) &#8211; </strong>Di lansir dari <em><a href=""https://www.cnnindonesia.com/teknologi/20260309122009-192-1335872/aturan-baru-komdigi-tiktok-dkk-wajib-verifikasi-usia-pengguna-anak"">CNN </a></em> Usia anak-anak menjadi sasaran utama pemerintah melalui Kementerian Komunikasi dan Digital (Komdigi) dalam menetapkan aturan baru terkait penggunaan platform digital. Aturan tersebut tertuang dalam Peraturan Menteri Nomor 9 Tahun 2026 sebagai turunan dari PP TUNAS. Kebijakan ini mulai berlaku pada 28 Maret 2026 dan bertujuan meningkatkan perlindungan anak saat mengakses layanan digital.</p>



<p>Melalui peraturan tersebut, pemerintah mewajibkan setiap penyelenggara sistem elektronik menyediakan mekanisme verifikasi usia bagi pengguna anak. Platform media sosial maupun layanan gim online seperti TikTok, Instagram, dan Roblox harus memastikan usia pengguna melalui sistem yang andal.</p>



<h2 class=""wp-block-heading"" id=""h-platform-wajib-sediakan-sistem-verifikasi-usia"">Platform Wajib Sediakan Sistem Verifikasi Usia</h2>



<figure class=""wp-block-image size-large""><a href=""https://usmtv.id/wp-content/uploads/2026/03/komdigi-1.png""><img loading=""lazy"" decoding=""async"" width=""1024"" height=""576"" src=""https://usmtv.id/wp-content/uploads/2026/03/komdigi-1-1024x576.png"" alt="""" class=""wp-image-51195"" srcset=""https://usmtv.id/wp-content/uploads/2026/03/komdigi-1-1024x576.png 1024w, https://usmtv.id/wp-content/uploads/2026/03/komdigi-1-300x169.png 300w, https://usmtv.id/wp-content/uploads/2026/03/komdigi-1-768x432.png 768w, https://usmtv.id/wp-content/uploads/2026/03/komdigi-1.png 1200w"" sizes=""auto, (max-width: 1024px) 100vw, 1024px"" /></a></figure>



<p id=""h-platform-wajib-sediakan-sistem-verifikasi-usia"">Pasal 7 aturan tersebut menegaskan bahwa penyelenggara sistem elektronik wajib menyediakan mekanisme verifikasi bagi pengguna anak. Platform dapat mengembangkan teknologi verifikasi secara mandiri atau bekerja sama dengan pihak ketiga. Namun, kerja sama tersebut harus memenuhi standar perlindungan anak serta memastikan teknologi yang digunakan memiliki tingkat keandalan tinggi.</p>



<p>Selain itu, kementerian juga berwenang menetapkan teknologi verifikasi yang dinilai aman sesuai ketentuan peraturan perundang-undangan. Dengan langkah ini, pemerintah berupaya mencegah penyalahgunaan sistem sekaligus meningkatkan keamanan bagi pengguna usia muda.</p>



<h2 class=""wp-block-heading"" id=""h-penonaktifan-akun-anak-berlangsung-bertahap"">Penonaktifan Akun Anak Berlangsung Bertahap</h2>



<figure class=""wp-block-image size-large""><a href=""https://usmtv.id/wp-content/uploads/2026/03/komdigi-2.png""><img loading=""lazy"" decoding=""async"" width=""1024"" height=""576"" src=""https://usmtv.id/wp-content/uploads/2026/03/komdigi-2-1024x576.png"" alt="""" class=""wp-image-51194"" srcset=""https://usmtv.id/wp-content/uploads/2026/03/komdigi-2-1024x576.png 1024w, https://usmtv.id/wp-content/uploads/2026/03/komdigi-2-300x169.png 300w, https://usmtv.id/wp-content/uploads/2026/03/komdigi-2-768x432.png 768w, https://usmtv.id/wp-content/uploads/2026/03/komdigi-2.png 1200w"" sizes=""auto, (max-width: 1024px) 100vw, 1024px"" /></a></figure>



<p>Menteri Komunikasi dan Digital Meutya Hafid menjelaskan bahwa pemerintah akan menunda akses akun pengguna berusia kurang dari 16 tahun pada platform berisiko tinggi. Kebijakan tersebut juga mencakup berbagai layanan media sosial maupun jejaring internet.</p>



<p>Indonesia menjadi negara non-Barat pertama yang menerapkan kebijakan penundaan akses anak pada ruang internet sesuai batas usia. Melalui aturan ini, pemerintah berharap dapat menciptakan lingkungan daring yang lebih aman bagi generasi muda.</p>



<p id=""h-platform-wajib-sediakan-sistem-verifikasi-usia"">Pada tahap awal, pemerintah akan menyisir akun pengguna anak pada sejumlah platform besar. YouTube, TikTok, Facebook, Instagram, Threads, X, Bigolive, serta Roblox masuk dalam pengawasan awal. Selanjutnya, pemerintah akan menonaktifkan akun anak secara bertahap hingga seluruh platform memenuhi kewajiban kepatuhan terhadap regulasi baru tersebut.</p>
",semarang usmnews 8211 di lansir dari cnn usia anakanak jadi sasar utama perintah lalu menteri komunikasi dan digital komdigi dalam tetap atur baru kait guna platform digital atur sebut tuang dalam atur menteri nomor 9 tahun 2026 bagai turun dari pp tunas bijak ini mulai laku pada 28 maret 2026 dan tuju tingkat lindung anak saat akses layan digital lalu atur sebut perintah wajib tiap selenggara sistem elektronik sedia mekanisme verifikasi usia bagi guna anak platform media sosial maupun layan gim online seperti tiktok instagram dan roblox harus pasti usia guna lalu sistem yang andal platform wajib sedia sistem verifikasi usia pasal 7 atur sebut tegas bahwa selenggara sistem elektronik wajib sedia mekanisme verifikasi bagi guna anak platform dapat kembang teknologi verifikasi cara mandiri atau kerja sama dengan pihak tiga namun kerja sama sebut harus penuh standar lindung anak serta pasti teknologi yang guna milik tingkat andal tinggi selain itu menteri juga wenang tetap teknologi verifikasi yang nilai aman sesuai tentu atur perundangundangan dengan langkah ini perintah upaya cegah penyalahgunaan sistem sekaligus tingkat aman bagi guna usia muda nonaktif akun anak langsung tahap menteri komunikasi dan digital meutya hafid jelas bahwa perintah akan tunda akses akun guna usia kurang dari 16 tahun pada platform risiko tinggi bijak sebut juga cakup bagai layan media sosial maupun jejaring internet indonesia jadi negara nonbarat pertama yang terap bijak tunda akses anak pada ruang internet sesuai batas usia lalu atur ini perintah harap dapat cipta lingkung daring yang lebih aman bagi generasi muda pada tahap awal perintah akan sisir akun guna anak pada jumlah platform besar youtube tiktok facebook instagram threads x bigolive serta roblox masuk dalam awas awal lanjut perintah akan nonaktif akun anak cara tahap hingga seluruh platform penuh wajib patuh hadap regulasi baru sebut
BULOG Pastikan Stok Beras dan Minyak Goreng Aman,https://usmtv.id/bulog-pastikan-stok-beras-dan-minyak-goreng-aman/,"
<p id=""h-""><strong>Semarang (usmnews) &#8211;</strong> Di lansir dari <em><a href=""http://finance.detik.com/berita-ekonomi-bisnis/d-8392373/bulog-pastikan-stok-beras-dan-minyak-goreng-aman-sampai-akhir-tahun"">detik.com </a></em>Pemerintah melalui Perum BULOG memastikan ketersediaan pangan pokok nasional terutama tetap aman. Komoditas utama seperti beras dan minyak goreng masih mencukupi untuk memenuhi kebutuhan masyarakat hingga akhir tahun. Karena itu, BULOG mengimbau masyarakat agar tetap tenang dan tidak melakukan pembelian berlebihan.</p>



<p>Selain menjaga pasokan, pemerintah juga terus memantau kondisi pasar. Langkah ini bertujuan menjaga stabilitas harga sekaligus memastikan distribusi pangan berjalan lancar. Dengan kondisi stok yang kuat, masyarakat tidak perlu khawatir terhadap ketersediaan bahan pokok.</p>



<h2 class=""wp-block-heading"" id=""h-stok-beras-nasional-terus-bertambah"">Stok Beras Nasional Terus Bertambah</h2>



<figure class=""wp-block-image size-large""><a href=""https://usmtv.id/wp-content/uploads/2026/03/beras.png""><img loading=""lazy"" decoding=""async"" width=""1024"" height=""576"" src=""https://usmtv.id/wp-content/uploads/2026/03/beras-1024x576.png"" alt="""" class=""wp-image-51176"" srcset=""https://usmtv.id/wp-content/uploads/2026/03/beras-1024x576.png 1024w, https://usmtv.id/wp-content/uploads/2026/03/beras-300x169.png 300w, https://usmtv.id/wp-content/uploads/2026/03/beras-768x432.png 768w, https://usmtv.id/wp-content/uploads/2026/03/beras.png 1200w"" sizes=""auto, (max-width: 1024px) 100vw, 1024px"" /></a></figure>



<p id=""h-stok-beras-nasional-terus-bertambah"">Direktur Utama Perum BULOG, Ahmad Rizal Ramdhani, menjelaskan bahwa cadangan beras pemerintah saat ini mencapai sekitar 3,74 juta ton. Angka tersebut menunjukkan kondisi stok yang sangat kuat.</p>



<p>BULOG juga terus menyerap gabah dan beras hasil panen petani dari berbagai daerah. Kegiatan penyerapan ini membantu menjaga keseimbangan pasokan sekaligus mendukung kesejahteraan petani. Selain itu, masa panen yang berlangsung pada beberapa wilayah turut meningkatkan jumlah cadangan beras nasional.</p>



<p>Ahmad Rizal memperkirakan stok beras akan terus bertambah dalam waktu dekat. Hingga akhir Maret, jumlah cadangan beras berpotensi mencapai sekitar 4,5 hingga 5 juta ton. Kenaikan stok ini akan memperkuat ketahanan pangan nasional.</p>



<h2 class=""wp-block-heading"" id=""h-pasokan-minyak-goreng-tetap-stabil"">Pasokan Minyak Goreng Tetap Stabil</h2>



<figure class=""wp-block-image size-large""><a href=""https://usmtv.id/wp-content/uploads/2026/03/beras-1.png""><img loading=""lazy"" decoding=""async"" width=""1024"" height=""576"" src=""https://usmtv.id/wp-content/uploads/2026/03/beras-1-1024x576.png"" alt="""" class=""wp-image-51178"" srcset=""https://usmtv.id/wp-content/uploads/2026/03/beras-1-1024x576.png 1024w, https://usmtv.id/wp-content/uploads/2026/03/beras-1-300x169.png 300w, https://usmtv.id/wp-content/uploads/2026/03/beras-1-768x432.png 768w, https://usmtv.id/wp-content/uploads/2026/03/beras-1.png 1200w"" sizes=""auto, (max-width: 1024px) 100vw, 1024px"" /></a></figure>



<p>Selain beras, BULOG juga memastikan pasokan minyak goreng tetap tersedia. Ketersediaan tersebut mendapat dukungan dari kebijakan Domestic Market Obligation (DMO) yang pemerintah terapkan melalui Kementerian Perdagangan.</p>



<p>Melalui kebijakan tersebut, BULOG memperoleh alokasi sekitar 46 juta liter Minyakita setiap bulan. Alokasi ini membantu menjaga ketersediaan minyak goreng bagi masyarakat sekaligus mencegah lonjakan harga pasar.</p>



<p>Berdasarkan pemantauan pasar, harga sejumlah komoditas sembako juga masih relatif stabil. Kondisi ini menunjukkan distribusi pangan berjalan baik.</p>



<p id=""h-stok-beras-nasional-terus-bertambah"">Karena itu, BULOG mengajak masyarakat berbelanja secara bijak sesuai kebutuhan. Pemerintah akan terus memperkuat distribusi pangan, meningkatkan penyerapan hasil panen, serta menjalankan program stabilisasi agar pasokan pangan nasional tetap terjaga.</p>



<p id=""h-stok-beras-nasional-terus-bertambah""><br></p>
",semarang usmnews 8211 di lansir dari detikcom perintah lalu perum bulog pasti sedia pangan pokok nasional utama tetap aman komoditas utama seperti beras dan minyak goreng masih cukup untuk penuh butuh masyarakat hingga akhir tahun karena itu bulog imbau masyarakat agar tetap tenang dan tidak laku beli lebih selain jaga pasok perintah juga terus pantau kondisi pasar langkah ini tuju jaga stabilitas harga sekaligus pasti distribusi pangan jalan lancar dengan kondisi stok yang kuat masyarakat tidak perlu khawatir hadap sedia bahan pokok stok beras nasional terus tambah direktur utama perum bulog ahmad rizal ramdhani jelas bahwa cadang beras perintah saat ini capai sekitar 374 juta ton angka sebut tunjuk kondisi stok yang sangat kuat bulog juga terus serap gabah dan beras hasil panen tani dari bagai daerah giat serap ini bantu jaga imbang pasok sekaligus dukung sejahtera tani selain itu masa panen yang langsung pada beberapa wilayah turut tingkat jumlah cadang beras nasional ahmad rizal kira stok beras akan terus tambah dalam waktu dekat hingga akhir maret jumlah cadang beras potensi capai sekitar 45 hingga 5 juta ton naik stok ini akan kuat tahan pangan nasional pasok minyak goreng tetap stabil selain beras bulog juga pasti pasok minyak goreng tetap sedia sedia sebut dapat dukung dari bijak domestic market obligation dmo yang perintah terap lalu menteri dagang lalu bijak sebut bulog oleh alokasi sekitar 46 juta liter minyakita tiap bulan alokasi ini bantu jaga sedia minyak goreng bagi masyarakat sekaligus cegah lonjak harga pasar dasar pantau pasar harga jumlah komoditas sembako juga masih relatif stabil kondisi ini tunjuk distribusi pangan jalan baik karena itu bulog ajak masyarakat belanja cara bijak sesuai butuh perintah akan terus kuat distribusi pangan tingkat serap hasil panen serta jalan program stabilisasi agar pasok pangan nasional tetap jaga
Evra Ingin Luis Enrique Latih MU Musim Depan,https://usmtv.id/evra-ingin-luis-enrique-latih-mu-musim-depan/,"
<p><strong>Semarang (usmnews)</strong> – Dilansir dari <em><a href=""https://sport.detik.com/sepakbola/liga-inggris/d-8392459/luis-enrique-akan-jadi-pelatih-impian-untuk-mu"">detik.com</a></em> Legenda klub Patrice Evra menyampaikan harapan besarnya. Tepatnya, ia sangat menginginkan Luis Enrique latih MU musim depan. Namun, Evra juga menyoroti potensi pelatih sementara Michael Carrick. Kini, manajemen Setan Merah terus memburu manajer permanen baru.</p>



<figure class=""wp-block-image size-large""><img loading=""lazy"" decoding=""async"" width=""1024"" height=""576"" src=""https://usmtv.id/wp-content/uploads/2026/03/psg-tumbang-dari-monaco-luis-enrique-akui-timnya-tampil-buruk-1024x576.jpg"" alt="""" class=""wp-image-51168"" srcset=""https://usmtv.id/wp-content/uploads/2026/03/psg-tumbang-dari-monaco-luis-enrique-akui-timnya-tampil-buruk-1024x576.jpg 1024w, https://usmtv.id/wp-content/uploads/2026/03/psg-tumbang-dari-monaco-luis-enrique-akui-timnya-tampil-buruk-300x169.jpg 300w, https://usmtv.id/wp-content/uploads/2026/03/psg-tumbang-dari-monaco-luis-enrique-akui-timnya-tampil-buruk-768x432.jpg 768w, https://usmtv.id/wp-content/uploads/2026/03/psg-tumbang-dari-monaco-luis-enrique-akui-timnya-tampil-buruk.jpg 1280w"" sizes=""auto, (max-width: 1024px) 100vw, 1024px"" /></figure>



<p>Buktinya, sederet nama top bermunculan sebagai kandidat utama pelatih. Sebelumnya, manajer asal Spanyol itu meraih sukses besar bersama Paris Saint-Germain. Hebatnya, ia sukses memenangi <em>treble winner</em> pada musim kompetisi 2024/2025 lalu. Apalagi, ia meraih pencapaian fantastis tersebut tanpa kehadiran para megabintang. Jelas, sang pelatih murni mengandalkan kekuatan skuad pemain muda.</p>



<p>Sementara itu, manajemen klub juga sedang mempertimbangkan nama Carrick. Pasalnya, Bruno Fernandes dan kawan-kawan menunjukkan performa sangat positif. Bahkan, mereka sukses memenangi tujuh dari delapan pertandingan Liga Inggris. Meskipun begitu, wacana Luis Enrique latih MU tetap menjadi impian Evra.</p>



<figure class=""wp-block-image size-large""><img loading=""lazy"" decoding=""async"" width=""1024"" height=""576"" src=""https://usmtv.id/wp-content/uploads/2026/03/754838d0af15dc727b9fa767dc7466893a785ac3.jpg-1024x576.webp"" alt="""" class=""wp-image-51167"" srcset=""https://usmtv.id/wp-content/uploads/2026/03/754838d0af15dc727b9fa767dc7466893a785ac3.jpg-1024x576.webp 1024w, https://usmtv.id/wp-content/uploads/2026/03/754838d0af15dc727b9fa767dc7466893a785ac3.jpg-300x169.webp 300w, https://usmtv.id/wp-content/uploads/2026/03/754838d0af15dc727b9fa767dc7466893a785ac3.jpg-768x432.webp 768w, https://usmtv.id/wp-content/uploads/2026/03/754838d0af15dc727b9fa767dc7466893a785ac3.jpg-1536x864.webp 1536w, https://usmtv.id/wp-content/uploads/2026/03/754838d0af15dc727b9fa767dc7466893a785ac3.jpg.webp 1920w"" sizes=""auto, (max-width: 1024px) 100vw, 1024px"" /></figure>



<p>&#8220;Secara pribadi, saya tidak berbicara mewakili manajemen atau Sir Jim Ratcliffe,&#8221; ujar Evra. &#8220;Tetapi, sosok pelatih Spanyol itu sungguh merupakan manajer impian,&#8221; tambahnya kepada <em>Stake</em>. &#8220;Pastinya, saya sangat menyukai filosofi dan kepribadian luar biasa miliknya.&#8221;</p>



<p>&#8220;Selain itu, ia berhasil membawa PSG menjuarai Liga Champions tanpa Messi,&#8221; puji Evra. &#8220;Nantinya, skuad Setan Merah harus bekerja sangat keras bersamanya,&#8221; tegas mantan bek tersebut. &#8220;Tentu saja, taktik jeniusnya akan mengubah wajah permainan tim ini.&#8221;</p>



<p><strong><a href=""https://usmtv.id/keajaiban-kaki-kiri-gol-messi-resmi-jadi-yang-terbaik-di-mls/"">[Baca Juga: Keajaiban Kaki Kiri: Gol Messi Resmi Jadi yang Terbaik di MLS]</a></strong></p>



<p>&#8220;Pada akhirnya, prospek Luis Enrique latih MU akan bersaing dengan potensi Carrick.&#8221; &#8220;Sebab, Carrick juga pantas mendapatkan kesempatan emas tersebut,&#8221; tutup sang legenda.</p>
",semarang usmnews lansir dari detikcom legenda klub patrice evra sampai harap besar tepat ia sangat ingin luis enrique latih mu musim depan namun evra juga sorot potensi latih sementara michael carrick kini manajemen setan merah terus buru manajer permanen baru bukti deret nama top muncul bagai kandidat utama latih belum manajer asal spanyol itu raih sukses besar sama paris saintgermain hebat ia sukses tang treble winner pada musim kompetisi 20242025 lalu apalagi ia raih capai fantastis sebut tanpa hadir para megabintang jelas sang latih murni andal kuat skuad main muda sementara itu manajemen klub juga sedang timbang nama carrick pasal bruno fernandes dan kawankawan tunjuk performa sangat positif bahkan mereka sukses tang tujuh dari delapan tanding liga inggris meski begitu wacana luis enrique latih mu tetap jadi impi evra 8220secara pribadi saya tidak bicara wakil manajemen atau sir jim ratcliffe8221 ujar evra 8220tetapi sosok latih spanyol itu sungguh rupa manajer impian8221 tambah kepada stake 8220pastinya saya sangat suka filosofi dan pribadi luar biasa miliknya8221 8220selain itu ia hasil bawa psg juara liga champions tanpa messi8221 puji evra 8220nantinya skuad setan merah harus kerja sangat keras bersamanya8221 tegas mantan bek sebut 8220tentu saja taktik jenius akan ubah wajah main tim ini8221 baca juga ajaib kaki kiri gol messi resmi jadi yang baik di mls 8220pada akhir prospek luis enrique latih mu akan saing dengan potensi carrick8221 8220sebab carrick juga pantas dapat sempat emas tersebut8221 tutup sang legenda
